created,username,source,text,retwc,hashtag,followers,friends,polarity,subjectivity
2021-06-12 11:11:13,Drif 'Pride Month!!' Indoril,Twitter for Android,I'm not going to stop talking about this but this is probably my must-watch anime this year. The animation looks goâ€¦ https://t.co/kmG5fIHDpl,0,None,30,98,0.0,0.0
2021-06-12 11:11:12,ç©´å¹ å¥å… / Kenji Anabuki @ Scarlet Nexus 6/24-25ç™ºå£²ğŸ•,Twitter Web App,RT @Anime: #AD Unleash the Power of the Mind in SCARLET NEXUS. The highly anticipated action JRPG video game is set to release this month!â€¦,7,AD,4650,174,-0.08,0.3466666666666667
2021-06-12 11:11:12,luffy11,Twitter Web App,"RT @TheOnePieceEra: Anime : One Piece

Most Underrated Character in One Piece ğŸ¤£ https://t.co/wHizqxG3lS",2072,None,4,257,0.5,0.5
2021-06-12 11:11:11,RULS Adwan,Twitter Web App,@Zuityy @jiraiyaIN i don't watch anime and idk any anime ğŸ˜‚,0,None,1854,338,0.0,0.0
2021-06-12 11:11:10,`,Twitter for Android,"RT @bblnct_: Hendery

Anime anime anime anime 

Recommend to me quickly ğŸ¤©ğŸ¤©ğŸ¤©

asap",136,None,5,160,0.3333333333333333,0.5
2021-06-12 11:11:10,Logan :0,Twitter for Android,"RT @Anime: Hey, Chuunibyou fans! Today is Rikka Takanashiâ€™s birthday. Like, RT, and Comment to wish her a great one today! ğŸ‚ https://t.co/4â€¦",21,None,430,1544,1.0,0.75
2021-06-12 11:11:08,bobs&vageneğŸ¤¤,Twitter for iPhone,@notPervySage if i dont watch anime i definitely dont watch incest porn cmon man you know those 2 go hand in hand ğŸ˜‚â€¦ https://t.co/nnVjglPCxQ,0,None,310,306,0.0,0.5
2021-06-12 11:11:05,luffy11,Twitter Web App,RT @TheOnePieceEra: Anime Vs Manga : One Piece https://t.co/Ip5NjrTGaa,1000,None,4,257,0.0,0.0
2021-06-12 11:11:03,rosie | semi ia!,Twitter for iPad,RT @luulubuu: I really hope they don't forget about this scene in the new castlevania anime https://t.co/gwgCChxaxQ,2617,None,67,498,0.16818181818181818,0.32727272727272727
2021-06-12 11:11:01,Hmmyes,Twitter Web App,@Anime I started Chuunibyou today!,0,None,1,57,0.0,0.0
2021-06-12 11:11:00,BatPlantğŸŒ›ğŸŒœ,Twitter Web App,RT @saimbtw: Opening:                                Anime: https://t.co/m8hpIoVkMl,4481,None,636,591,0.0,0.0
2021-06-12 11:10:59,Thunderâš¡ï¸,Twitter for iPhone,"RT @kiravera8: some anime-like screenshots of Manaâ€™s shiny smeargle, Julie! https://t.co/10Ps6jG51K",109,None,102,396,0.0,0.0
2021-06-12 11:10:59,AW1 is coming,Twitter for iPhone,every game is getting an anime it feels like the 90s again,0,None,138,250,-0.4,0.4
2021-06-12 11:10:59,"Black Mind | Misa,L,my beloveds",Twitter Web App,"@selflessmikasa tbh even tho I hate aot,I'm still manifesting aot highschool anime...and it'll be as an stand aloneâ€¦ https://t.co/VoxpsHzifw",0,None,141,118,-0.8,0.9
2021-06-12 11:10:57,â€§Í™âºËš*Pal lvs OlibğŸ’¤,Twitter for Android,"RT @AnimeContexts: Watching anime         Watching anime
when I was 6               now https://t.co/1aZMWjlte9",6492,None,252,246,0.0,0.0
2021-06-12 11:10:57,JesterX,Twitter for iPhone,"@wildrift Each champ story is very interesting, it would be amazing if there are 20min-40min anime about each champâ€¦ https://t.co/BbvD0ONSda",0,None,1,15,0.625,0.775
2021-06-12 11:10:57,thena â… | MITSUYA DAY â€¼ï¸ğŸ‰,Twitter for Android,@hangesfavtitan YES HOWEVER I REALLY LIKE MUTSUMI I'M JUST AN ANIME ONLY DOES HE HAVE A RED FLAG TOO??,0,None,347,435,0.06666666666666667,0.39999999999999997
2021-06-12 11:10:55,ğŸ”ºcommission soonğŸ”»,Twitter for Android,"Moots its so random but lemme see your comfort anime and ur comfort character..

Lemme see how depress your wereğŸ˜€
Hâ€¦ https://t.co/i1uBIKu3XL",0,None,167,311,-0.2833333333333333,0.26666666666666666
2021-06-12 11:10:53,@ idk,Twitter for Android,RT @AnimesFeeIings: Gaming in anime ğŸ® https://t.co/b0gaEFrS4Y,1175,None,0,26,0.0,0.0
2021-06-12 11:10:52,luffy11,Twitter Web App,RT @TheOnePieceEra: Anime : One Piece x SpongeBob https://t.co/smX3oNYUsO,9515,None,4,257,0.0,0.0
2021-06-12 11:10:51,nilğŸ’‹,Twitter for iPhone,RT @NotVampy: Glassy sky prolly one of my favourite song thatâ€™s in a anime ğŸ’¤,1,None,51,243,0.0,0.0
2021-06-12 11:10:51,Gwynbleidd,Twitter for iPhone,@Ll4MDUNBAR I loved the anime as A kid,0,None,22,232,0.7,0.8
2021-06-12 11:10:50,Dee,Twitter for iPhone,Trese is a good anime !!!,0,None,249,231,1.0,0.6000000000000001
2021-06-12 11:10:48,dazai osamuâ€™s ğŸ‡µğŸ‡¸,Twitter Web App,both manga and anime makes me cryğŸ¥²ğŸ¥²ğŸ¥² https://t.co/ah0nn5J7PU,0,None,323,180,0.0,0.0
2021-06-12 11:10:48,luffy11,Twitter Web App,"RT @TheOnePieceEra: Anime : One Piece

Loyalty of the first mate ğŸ˜” https://t.co/782exVDfKG",699,None,4,257,0.25,0.3333333333333333
2021-06-12 11:10:45,Shirouchiha6 ğŸ‡®ğŸ‡³,Twitter for Android,"RT @HidenSazer: wait wut?? #AttackOnTitan is an indian movie ??? WtF 
#anime #MEMES #ã‚¢ãƒ‹ãƒ¡ https://t.co/LzxX7jiizY",2,AttackOnTitan,194,430,-0.5,1.0
2021-06-12 11:10:45,nana ğŸ€,Twitter for Android,"RT @AnimeContexts: Watching anime         Watching anime
when I was 6               now https://t.co/1aZMWjlte9",6492,None,366,274,0.0,0.0
2021-06-12 11:10:45,niağŸ‘,Twitter for iPad,RT @animfeels: Anime: Your Name https://t.co/xxWhvin7bb,449,None,957,520,0.0,0.0
2021-06-12 11:10:44,Sir No Pants,Twitter Web App,"@NutTedKaczynski If you don't keep weirdos out of your anime plushie collection group, they might do something weirâ€¦ https://t.co/JFO3xEzBHI",0,None,113,475,0.0,0.0
2021-06-12 11:10:41,Aera,Twitter Web App,@cyanIaser Mind-screwing. Like it's mostly recaps but there are many surprising changes compared to the original anâ€¦ https://t.co/aWmQGeQc5k,0,None,324,282,0.51875,0.5625
2021-06-12 11:10:41,DieLemã‚¯ãƒ¬ã‚¤ã‚¸ãƒ¼ã‚·ã‚¹ã‚¿ãƒ¼,Twitter Web App,virgings tweeting virgins how much they wanna fuck anime girls https://t.co/5UFOJivFT1,0,None,667,202,-0.1,0.4
2021-06-12 11:10:41,å‘³æ–¹/Mikata,Twitter for Android,Is Osamake anime good? Art make me go ğŸ‘€ğŸ‘€ğŸ‘€ but no idea about plot,0,None,201,1504,0.7,0.6000000000000001
2021-06-12 11:10:40,Tâ€“T,Twitter for iPhone,"RT @noranikoletta: Look, it's the Lore Man but anime ğŸ‘€ Hope you guys like it, it took me some time ^^

#GEORGENOTFOUND #georgenotfoundfanarâ€¦",1585,GEORGENOTFOUND,14,78,0.0,0.0
2021-06-12 11:10:40,Random K-ON,RandomKon,Frame 10505 from Season 2 - Episode 2 ã€Clean-up!ã€ #ã‘ã„ãŠã‚“ #Kon #Anime https://t.co/rWBiKkPeKN,0,ã‘ã„ãŠã‚“,2186,12,0.0,0.0
2021-06-12 11:10:40,Laxy,Twitter for iPhone,@XnBFN Fuck anime,0,None,82,369,-0.4,0.6
2021-06-12 11:10:36,X.Savior.inc,Twitter for iPhone,RT @animeroto: Anime fans felt this one https://t.co/BMnZzOTcJZ,514,None,51,153,0.0,0.0
2021-06-12 11:10:36,à¸Ÿà¸¡ichiro ğŸ¦Š á¿¾D-15,Twitter Web App,"RT @Clandestein_Vox: Added music, SFX, and voices to @Glens_sou's Chainsaw Man animation! Please go support them!! (and hope they work on tâ€¦",1394,None,816,130,0.0,0.0
2021-06-12 11:10:36,kâ· | stream ğŸ§ˆ,Twitter for Android,@shruburb read from chapter no 64 forst to present chapter. 1-63 is what's in the anime and it's word for word so yâ€¦ https://t.co/RHS12TOs6d,0,None,1160,601,0.0,0.0
2021-06-12 11:10:34,K.KuRÅ«Ru$$,Twitter for Android,"@BreckinMathias I want Crash Bandicoot, but something tells me there is going to be a plot twist, an anime twist",0,None,173,348,0.0,0.0
2021-06-12 11:10:32,á´®á´±Afza Afiqahâ·ğŸ§ˆ,Twitter for Android,RT @anime_postt: Anime : Demon Slayer https://t.co/jHAJcBOjNz,199,None,141,67,0.0,0.0
2021-06-12 11:10:31,Shogi,Twitter Web App,RT @luulubuu: I really hope they don't forget about this scene in the new castlevania anime https://t.co/gwgCChxaxQ,2617,None,38,295,0.16818181818181818,0.32727272727272727
2021-06-12 11:10:30,punybane,Twitter for iPhone,"@joeda900 @EvanFilarca Garfield and anime, dayum pick a struggle homie. ğŸ˜‚",0,None,1,107,0.0,0.0
2021-06-12 11:10:26,sunnie/ACğŸ“Œ/ dm me if you can give a roblox rtd,Twitter for iPad,"@i_w4tch_anime u were the only one who entered 
lololol",0,None,372,98,0.0,1.0
2021-06-12 11:10:26,niağŸ‘,Twitter for iPad,RT @yutaokkostu: congrats to attack on titan for being the only anime to have armin arlert and annie leonhardt https://t.co/f74glW4Lrc,187,None,957,520,0.0,1.0
2021-06-12 11:10:26,vasu | anti-romantic â„ï¸,Twitter for Android,RT @animevizuaI: Anime : My Hero Academia https://t.co/QfiHBtrR1i,330,None,189,503,0.0,0.0
2021-06-12 11:10:23,ã€½ï¸oreira,Twitter for Android,RT @animeroto: Anime fans felt this one https://t.co/BMnZzOTcJZ,514,None,1884,1269,0.0,0.0
2021-06-12 11:10:23,âš°,Twitter Web App,@tho_why_but The anime is really gooodd but the manga is better. I think watching the anime first and then readingâ€¦ https://t.co/4e3jOJyfqj,0,None,851,942,0.31666666666666665,0.3444444444444444
2021-06-12 11:10:23,ANKIngina,Twitter for Android,char di rin naman ako nanood ğŸ¤ª but i did watch tagalog inuyasha and naruto and then a bunch of hero tv later on. thâ€¦ https://t.co/Dl1vrkEKrF,0,None,360,475,0.0,0.0
2021-06-12 11:10:21,Asia BellağŸ’™ğŸ’›,Twitter for Android,RT @AnimeKoala: Sales are slightly higher so far. But yeah I think Volume 17 or 18 is where we will see the impact of the anime.  Lets hopeâ€¦,1,None,865,1939,0.175,0.75
2021-06-12 11:10:19,Mark #ThankYouMiura,Twitter for Android,"@LastAfricanWeeb Interesting.
DMC probably isn't an ""ANIME"" like Castlevania, Just anime-like art style",0,None,97,1313,0.5,0.5
2021-06-12 11:10:19,BambiğŸ¥€,Twitter for Android,"Well, i normally watch anime in 1.25x ğŸ˜‚",0,None,416,404,0.15,0.6499999999999999
2021-06-12 11:10:18,ğŸ¤Aomi Uchiyama VAğŸ¤,Twitter for iPhone,"@aerieina @finalmasterm0dx Because you both know EVERY anime character you've reposted, riiiiiightğŸ˜‚",0,None,1026,404,0.0,0.0
2021-06-12 11:10:18,ğŸŒ™,Twitter for Android,idk if i should drop anime contents here or not lmao,0,None,140,93,-0.3,1.0
2021-06-12 11:10:17,Sardip Parajuli,Twitter for Android,RT @ianizboring: One Piece's anime has top tier VA performances,167,None,85,809,0.5,0.5
2021-06-12 11:10:17,the hateful cell,Twitter for Android,"RT @Guilherme13016: @AhabsStudios @amazingabellini ""Yeah, we pirate/fansub anime, but at least we actually translate the dialogue correctlyâ€¦",19,None,321,1820,-0.15,0.25
2021-06-12 11:10:15,tibi,Twitter for Android,RT @luulubuu: I really hope they don't forget about this scene in the new castlevania anime https://t.co/gwgCChxaxQ,2617,None,51,1655,0.16818181818181818,0.32727272727272727
2021-06-12 11:10:14,omar,Twitter for Android,RT @animeroto: Anime fans felt this one https://t.co/BMnZzOTcJZ,514,None,135,91,0.0,0.0
2021-06-12 11:10:14,RC - 6/30 â–³ğŸ‘â€ğŸ—¨,Twitter for Android,"RT @jeralduy: Kudos to BASE Entertainment for making the Philippine flag a cityscape background art in #TreseOnNetflix anime 
#Trese #TabiTâ€¦",174,TreseOnNetflix,300,357,-0.8,1.0
2021-06-12 11:10:12,Hiccup,Twitter for Android,"RT @AnimeContexts: Watching anime         Watching anime
when I was 6               now https://t.co/1aZMWjlte9",6492,None,510,739,0.0,0.0
2021-06-12 11:10:10,RE:AnimeTron,BotXtreme,"RT @jamjagten: a lil old but not bad ğŸ¤¨ kinda heated
#sasunaru #narusasu #naruto #anime #animefa #fanart https://t.co/Kuee2xp8xY",2,sasunaru,5908,1,0.22499999999999998,0.43333333333333335
2021-06-12 11:10:09,Nichi D. Yomaru,Twitter Web App,"RT @Crunchyroll: NEWS: Re-Live the JUJUTSU KAISEN TV Anime at Upcoming 2-Part Exhibition

âœ¨ MORE: https://t.co/ocRRqiNVtI https://t.co/yUzpâ€¦",227,None,250,77,0.5,0.5
2021-06-12 11:10:06,the hateful cell,Twitter for Android,"RT @AhabsStudios: The gall of anime licensing companies to call people who pirate and fansub ""colonizers"" when they themselves alter linesâ€¦",473,None,321,1820,0.0,0.0
2021-06-12 11:10:06,Young Midoriya â™»ï¸,Twitter for iPhone,My Hero is the best rewatchable anime https://t.co/UIe1va8H7o,0,None,823,541,1.0,0.3
2021-06-12 11:10:04,mikey,Twitter for Android,RT @YonkouProd: chainsaw man has the potential to be the greatest anime ever...the fanbase is insane...,994,None,191,440,0.0,1.0
2021-06-12 11:10:01,',Twitter Web App,RT @yutaokkostu: congrats to attack on titan for being the only anime to have armin arlert and annie leonhardt https://t.co/f74glW4Lrc,187,None,42,79,0.0,1.0
2021-06-12 11:10:01,BIG BLACK CRYPTO aKa DADDYDYOR,Twitter Web App,"https://t.co/oBgnh8z5Zr
BASED ON A TRUE STORY

Yasuke (å¼¥åŠ© or å¼¥ä»‹)(/ËˆjÉ‘ËskeÉª/) was a man of African origin who servedâ€¦ https://t.co/bDemdAC1Jh",0,None,313,256,0.175,0.325
2021-06-12 11:09:59,Ë—ËË‹ğŸµâ·ËËŠË—,Twitter for Android,"RT @AnimeContexts: Watching anime         Watching anime
when I was 6               now https://t.co/1aZMWjlte9",6492,None,505,724,0.0,0.0
2021-06-12 11:09:58,cherie|| ia,Twitter for Android,RT @AnimesFeeIings: Gaming in anime ğŸ® https://t.co/b0gaEFrS4Y,1175,None,41,43,0.0,0.0
2021-06-12 11:09:56,sunnie,Twitter for iPad,@i_w4tch_anime @XxSunniexX hii it flopped so ill delete it rn!  rlly srry oof,0,None,78,329,-0.625,1.0
2021-06-12 11:09:56,SAKU ğŸŒ‘,Twitter Web App,"RT @RH_IXOff: ğŸ¥ - THREAD - ğŸ¥ (Partie I)

LES COMBATS DANS Lâ€™ANIME BORUTO : NARUTO NEXT GENERATIONS https://t.co/ZEA8JUVgo1",3,None,602,516,0.0,0.0
2021-06-12 11:09:55,Veliona,Twitter for Android,RT @aniiimess: Anime: Hunter x Hunter https://t.co/n2ULkpLjHh,1865,None,1,1,0.0,0.0
2021-06-12 11:09:52,neka,Twitter for Android,RT @AoTJewels: Top 10 anime betrayals https://t.co/vFCF16di3s,1649,None,352,263,0.5,0.5
2021-06-12 11:09:52,hersh / eshi TSUMUGI ILLUST ! ğŸ—,Twitter Web App,"RT @yagefudo: i have never liked and continue to not like the framing of the joseimuke genre as ""hot boys and easy gameplay for thristy strâ€¦",158,None,769,371,0.1277777777777778,0.8277777777777778
2021-06-12 11:09:52,ğŸ³ï¸â€ğŸŒˆ Kurt Dexter N. Rodriguez ğŸ³ï¸â€ğŸŒˆ,Twitter for Android,@Anime May she rest in peace https://t.co/7fJtjM6tSt,0,None,312,3732,0.0,0.0
2021-06-12 11:09:52,average ogatitos enjoyer,Twitter for Android,When Vanitas anime airs I'm gonna have to say goodbye to Sherlock pfp because Noe Archiviste will finally be here,0,None,1073,301,0.0,1.0
2021-06-12 11:09:52,ğ˜‘ğ˜¢ğ˜±ğ˜¢ğ˜¯ğ˜ªğ˜®ğ˜¦ âœ¨,Twitter for iPhone,RT @MyAnimeContent: Anime foods ğŸ” https://t.co/SzKxVt1YKP,121,None,300,22,0.0,0.0
2021-06-12 11:09:51,groupchat bot,groupchatebooks bot,Deku keeps watching anime about fucking hetalia,0,None,5,0,-0.6,0.8
2021-06-12 11:09:50,Warona,Twitter for Android,@desmonddd_ Anime,0,None,670,532,0.0,0.0
2021-06-12 11:09:50,fayt leingod,Twitter for Android,"RT @Anime: Hey, Chuunibyou fans! Today is Rikka Takanashiâ€™s birthday. Like, RT, and Comment to wish her a great one today! ğŸ‚ https://t.co/4â€¦",21,None,10,32,1.0,0.75
2021-06-12 11:09:50,avy,Twitter for Android,"RT @bblnct_: Hendery

Anime anime anime anime 

Recommend to me quickly ğŸ¤©ğŸ¤©ğŸ¤©

asap",136,None,1616,1590,0.3333333333333333,0.5
2021-06-12 11:09:49,ğŸ¦•Lee ğŸ¦•,Twitter for Android,"Just finished watching Trese on Netflix, the anime adaption to the Filipino Komik Trese by Budjeette Tan and Kajo Bâ€¦ https://t.co/Tm5bySWcJb",0,None,149,219,0.0,0.0
2021-06-12 11:09:49,sunaaaaa | tired asf,Twitter Web App,"RT @nana_blue22: Wonho x Atsumu
I see thighs, i see Atsumu.
#haikyuu #atsumu #atsumumiya #MONSTAX #haikyuufanart #miya #anime https://t.co/â€¦",24,haikyuu,461,1113,0.0,0.0
2021-06-12 11:09:48,IITian,Twitter for Android,@vedanshityaar Anime is for kids,0,None,1257,943,0.0,0.0
2021-06-12 11:09:47,ğ˜‘ğ˜¢ğ˜±ğ˜¢ğ˜¯ğ˜ªğ˜®ğ˜¦ âœ¨,Twitter for iPhone,RT @MyAnimeContent: Anime : Demon Slayer https://t.co/YULFKNmCI8,282,None,300,22,0.0,0.0
2021-06-12 11:09:46,ğœğ¡ğ¨ğœğ¨.ğ¦ğ¢ğ¥ğ¤ğ²,Twitter for Android,"RT @noranikoletta: Look, it's the Lore Man but anime ğŸ‘€ Hope you guys like it, it took me some time ^^

#GEORGENOTFOUND #georgenotfoundfanarâ€¦",1585,GEORGENOTFOUND,15,107,0.0,0.0
2021-06-12 11:09:46,BTG,Twitter for iPhone,"@davemeltzerWON Itâ€™s crazy that you think Kenny omega is the best in the world when he does like 5 moves, 5 differeâ€¦ https://t.co/OyfzGQLI0x",0,None,33,284,0.2,0.6
2021-06-12 11:09:44,aniell,Twitter Web App,"Pa, please, itâ€™s anime not teleserye ğŸ¥²ğŸ¤šğŸ¼",0,None,369,216,0.0,0.0
2021-06-12 11:09:40,Exolved Trunks,Twitter for Android,@Hinata_Designs u look an anime character,0,None,107,255,0.0,0.0
2021-06-12 11:09:38,ãƒ©ãƒ•ã‚¢ã‚¨ãƒ«,Twitter Web App,anime girls are ruining my life,0,None,75,252,0.0,0.0
2021-06-12 11:09:38,masumia,Twitter for Android,"RT @shinichisbitch: it makes me so happy when i see random people on the internet say that detective conan is a good anime/show, yes i knowâ€¦",18,None,50,246,0.3333333333333333,0.7000000000000001
2021-06-12 11:09:37,I've got the keys to my Beamer,Twitter for Android,@MaGumbii Haha anime for me ğŸ˜…,0,None,1458,903,0.2,0.3
2021-06-12 11:09:36,Min Vantaeâ· ğŸ‡µğŸ‡¸ğŸ§ˆ,Twitter for Android,"RT @AnimeContexts: Watching anime         Watching anime
when I was 6               now https://t.co/1aZMWjlte9",6492,None,332,979,0.0,0.0
2021-06-12 11:09:35,ğŸ€ ğŸŒ¼wy aotm examsâ€ çœ‹Â¹Â²â·,Twitter for iPhone,"RT @abouthendery: 210612 - ğŸ§¼ 

â€œanime anime anime animeâ€
â€œgive me a quick recommendationğŸ¤©ğŸ¤©ğŸ¤©â€
â€œasapâ€
â€œğŸ‘Œâ€
â€œ bye ğŸ‘‹â€ https://t.co/H3TzSUeUGW",36,None,3453,2002,0.3333333333333333,0.5
2021-06-12 11:09:34,Skapokon ğŸ³ï¸â€âš§ï¸ğŸ,Twitter for Android,RT @luulubuu: I really hope they don't forget about this scene in the new castlevania anime https://t.co/gwgCChxaxQ,2617,None,298,478,0.16818181818181818,0.32727272727272727
2021-06-12 11:09:33,Andie makes sum art,TweetDeck,"RT @arlawrencewrite: #TreseOnNetflix superb, battling spirits and demon's #philipinofolklawtales #anime https://t.co/xZ30XJAg6T",2,TreseOnNetflix,2531,1620,1.0,1.0
2021-06-12 11:09:33,athyğŸ‡µğŸ‡¸,Twitter for iPhone,I really risking my degree just for anime and manhwağŸ˜Œ,0,None,164,175,0.2,0.2
2021-06-12 11:09:32,resident qinghe nie auntie,Twitter Web App,"RT @jeralduy: Kudos to BASE Entertainment for making the Philippine flag a cityscape background art in #TreseOnNetflix anime 
#Trese #TabiTâ€¦",174,TreseOnNetflix,759,198,-0.8,1.0
2021-06-12 11:09:32,Muramasa ur so dumb ily,Twitter for Android,"RT @SomeStupidGoat: Decided to make my top 25 anime and manga, this was way harder than I thought it would be https://t.co/VPEGWvecUe",14,None,495,5002,0.2,0.25
2021-06-12 11:09:30,ğ‘¨ğ’šğ’†ğ’Š,Twitter for Android,"RT @AnimeContexts: Watching anime         Watching anime
when I was 6               now https://t.co/1aZMWjlte9",6492,None,52,91,0.0,0.0
2021-06-12 11:09:29,meg,Twitter for iPhone,"RT @AnimeContexts: Watching anime         Watching anime
when I was 6               now https://t.co/1aZMWjlte9",6492,None,1065,456,0.0,0.0
2021-06-12 11:09:29,KaryaNata08 â˜»ï¸ AU/CERPEN on pinned â˜ºï¸ï¸ Slow up â˜¹,Twitter for Android,"Imagination with 2D â˜„. *. â‹†

Alternatif universe story with anime character (Â´Íˆ  áµ• `Íˆ ï¼‰

#anime #animetwt #animeau https://t.co/jT1am0cG4B",1,anime,59,5,0.0,0.0
2021-06-12 11:09:29,Oni,Twitter for Android,RT @yutaokkostu: congrats to attack on titan for being the only anime to have armin arlert and annie leonhardt https://t.co/f74glW4Lrc,188,None,810,791,0.0,1.0
2021-06-12 11:09:29,bebechifuyu,Twitter for Android,RT @YonkouProd: chainsaw man has the potential to be the greatest anime ever...the fanbase is insane...,994,None,8,41,0.0,1.0
2021-06-12 11:09:28,Your post quarantine nail tech,Twitter for iPhone,"RT @AnimeContexts: Watching anime         Watching anime
when I was 6               now https://t.co/1aZMWjlte9",6493,None,432,726,0.0,0.0
2021-06-12 11:09:27,Anime/HorrorFreak,Twitter for Android,@JohnnySpittin I'd pick blue because i know all three i watched the bleach anime but haven't read the manga i onlyâ€¦ https://t.co/9sVnPvAQ68,0,None,10,64,0.0,0.55
2021-06-12 11:09:27,alyssa ğŸ‡µğŸ‡¸,Twitter for Android,RT @YonkouProd: chainsaw man has the potential to be the greatest anime ever...the fanbase is insane...,994,None,532,355,0.0,1.0
2021-06-12 11:09:26,Bokep jav video porno pornstar no sensor hd live x,twittbot.net,which japanese language is used in anime,0,None,1112,0,0.0,0.0
2021-06-12 11:09:24,Bootleg,Twitter Web App,RT @TheGoldenSmurf: For some reasons the YGO Anime decided to nerf Joey hardcore in fighting. https://t.co/u54xcs1xnO,47,None,20,481,0.0,0.0
2021-06-12 11:09:21,ğš…,Twitter for Android,"RT @TAbrodi: I finished my side project ""Konoha"" ğŸš€

A simple way to search for Anime/Manga characters ğŸ˜

Live: https://t.co/lh9x51Pg5B

Gitâ€¦",3,None,1019,895,0.06818181818181818,0.4285714285714286
2021-06-12 11:09:21,â³Leiji,Twitter for iPhone,RT @AnimesFeeIings: Gaming in anime ğŸ® https://t.co/b0gaEFrS4Y,1175,None,592,574,0.0,0.0
2021-06-12 11:09:20,Nakama Store,NakamaStore,"Code Geass T-Shirts

#anime #manga #otaku #nakamastore.com https://t.co/YQCbzRfynB

Retweet if you like! https://t.co/HAltfOV8R9",0,anime,132,1224,0.0,0.0
2021-06-12 11:09:20,niağŸ‘,Twitter for iPad,"RT @AnimeContexts: Watching anime         Watching anime
when I was 6               now https://t.co/1aZMWjlte9",6493,None,957,520,0.0,0.0
2021-06-12 11:09:18,MOCHIE ğŸŒ¸,Twitter for iPhone,RT @JinkxyHui: Sarada and sakuraâ€™s relationship is so beautiful. I think it deserves to be mention more in anime/manga. I also think we didâ€¦,36,None,73,304,0.675,0.75
2021-06-12 11:09:17,Reso_Lam,Twitter for Android,"RT @Kyonko_chann: So after watching the fiasco of @IDoGamesFL trying to get his copy of Fuuraiki 3, I've been patiently waiting on me sinceâ€¦",8,None,367,740,0.0,0.0
2021-06-12 11:09:17,ìš©ì´~,Twitter for Android,"Way of the househusband is a dangerous anime. I'm out of breath, don't watch it.",0,None,7,25,-0.6,0.9
2021-06-12 11:09:16,Nichi D. Yomaru,Twitter Web App,"RT @Crunchyroll: NEWS: The Ancient Magusâ€™ Bride OAD Delivers 1st Promo Ahead of September Release

âœ¨MORE: https://t.co/fUcWSaXGkx https://tâ€¦",132,None,250,77,0.5,0.5
2021-06-12 11:09:15,Alys anime blogger,Twitter for Android,RT @WeebAhmad: Anime : Hunter x Hunter https://t.co/iAPgvKHZU3,525,None,1591,38,0.0,0.0
2021-06-12 11:09:15,ğŸ£Dami Hoops âœ±âµ ğŸ—ğŸ’•,Twitter for iPhone,"RT @Kevinhidayat24: About 'Your Name' â˜„ï¸
(Next anime..? ğŸ¤·â€â™‚ï¸)
@5ecretNumber 
#SECRET_NUMBER
#ì‹œí¬ë¦¿ë„˜ë²„ https://t.co/qXeYhJ0Y4D",9,SECRET_NUMBER,1379,924,0.0,0.0
2021-06-12 11:09:14,Beast Boy Toy,Twitter for iPhone,RT @hobo_hiker: Beautiful Latina women that watch anime do NOT exist ğŸ˜­ğŸ˜­,110,None,42,448,0.85,1.0
2021-06-12 11:09:13,4*4,Twitter Web App,"RT @Anime: Hey, Chuunibyou fans! Today is Rikka Takanashiâ€™s birthday. Like, RT, and Comment to wish her a great one today! ğŸ‚ https://t.co/4â€¦",21,None,29,439,1.0,0.75
2021-06-12 11:09:12,ğŸ” Anime/Art Source Locator ğŸ³ï¸â€âš§ï¸,Anime SauceBot,"@Sinisterllly ğ——ğ—®ğ˜ğ—®ğ—¯ğ—®ğ˜€ğ—²: Anime

ğ—§ğ—¶ğ˜ğ—¹ğ—²: Kill La Kill
ğ—˜ğ—½ğ—¶ğ˜€ğ—¼ğ—±ğ—²: 01 ( â±ï¸ 00:14:10 / 00:24:29 )
ğ—”ğ—°ğ—°ğ˜‚ğ—¿ğ—®ğ—°ğ˜†: 75.8% ( ğŸŸ¡ Mediuâ€¦ https://t.co/7cjxwGLz04",0,None,196725,40,0.0,0.0
2021-06-12 11:09:12,herald of andraste âœ¨,Twitter for iPhone,anime characters the fandoms love but  annoy me https://t.co/Ca1rvh3SQ5,0,None,90,425,0.5,0.6
2021-06-12 11:09:11,ã‚¯ãƒ­ãƒˆãƒãƒˆ,Twitter for Android,"RT @kuzia_y: ğŸ’™ğŸ’™ğŸ’™HappyBirthdayğŸ’™ğŸ’™ğŸ’™
#éˆ´æœ¨ç¾ç²ç”Ÿèª•ç¥­2021 
#anime_eupho https://t.co/iDieQxgnHI",56,éˆ´æœ¨ç¾ç²ç”Ÿèª•ç¥­2021,391,697,0.0,0.0
2021-06-12 11:09:11,Jnr Kenpachi.,Twitter for iPhone,RT @hobo_hiker: Beautiful Latina women that watch anime do NOT exist ğŸ˜­ğŸ˜­,110,None,1362,798,0.85,1.0
2021-06-12 11:09:10,TRF | Jonni and JNT | Tes,Twitter for iPhone,RT @TheOnePieceEra: Anime : One Piece https://t.co/RdN8a8bFSq,2690,None,133,185,0.0,0.0
2021-06-12 11:09:10,aygo,Twitter for Android,"RT @Anime: Tomoko suspects that her elder son, Hiroki, is gay. He hasn't told her outright, but he's also not the best at hiding thingsâ€¦â€¦",35,None,0,3,0.7083333333333334,0.44166666666666665
2021-06-12 11:09:09,âœ¨ğŸ‡µğŸ‡¸âœ¨,Twitter for Android,"RT @sowhat567: Most of the times i see ""my fav as this anime character"" posts i laugh so much cuz those fav look NOTHING like those anime câ€¦",1,None,862,1019,0.3333333333333333,0.26666666666666666
2021-06-12 11:09:08,hideNseek|||â˜€ğŸ¿ï¸,Twitter for Android,RT @AnimesFeeIings: Gaming in anime ğŸ® https://t.co/b0gaEFrS4Y,1175,None,21,1301,0.0,0.0
2021-06-12 11:09:07,Death Deb for Cutie,Twitter for Android,"That's the thing with caring only about music I'm emotionally attached to. Indie music will make me nostalgic, Deatâ€¦ https://t.co/oxnvPAjt26",0,None,360,499,-0.125,0.6625
2021-06-12 11:09:07,andrÃ©a ğŸ©,Twitter for iPhone,RT @VisuaIAnimes: Anime : The Promised Neverland https://t.co/bsRc9JxMNQ,1062,None,44,121,0.0,0.0
2021-06-12 11:09:07,silvanna ğŸŒ±,Twitter for Android,"@ID0N0I Tg.riegoblessed
Thankyou.... https://t.co/xh64igPe16",0,None,111,3815,0.0,0.0
2021-06-12 11:09:07,á´á´€êœ±-á´á´€êœ± Ê™Éªá´€êœ±á´€,Twitter for Android,RT @AnimeColorful: The beauty of Anime âœ¨ https://t.co/TPiigSXzSd,1939,None,23,75,0.0,0.0
2021-06-12 11:09:06,MOCHIE ğŸŒ¸,Twitter for iPhone,RT @WeebAhmad: Anime : Hunter x Hunter https://t.co/iAPgvKHZU3,525,None,73,304,0.0,0.0
2021-06-12 11:09:05,Lee :),Twitter Web App,"RT @noranikoletta: Look, it's the Lore Man but anime ğŸ‘€ Hope you guys like it, it took me some time ^^

#GEORGENOTFOUND #georgenotfoundfanarâ€¦",1585,GEORGENOTFOUND,561,536,0.0,0.0
2021-06-12 11:09:03,micelle,Twitter for Android,"RT @jeralduy: Kudos to BASE Entertainment for making the Philippine flag a cityscape background art in #TreseOnNetflix anime 
#Trese #TabiTâ€¦",174,TreseOnNetflix,550,510,-0.8,1.0
2021-06-12 11:09:00,Nibsy | Raffle ongoing,Twitter for Android,RT @OnyxDigitalSer1: @Shimmering_Nibs Hello and thank you for this thread! I make digital art based on characters from shows/movies/series/â€¦,2,None,681,559,0.0,0.0
2021-06-12 11:08:59,nopal,Twitter for iPhone,@sowble anime tiddies here we goooo,0,None,149,314,0.0,0.0
2021-06-12 11:08:59,Ã–zil is the goat playmaker,Twitter for Android,@cesc4official Thoughts on anime?,0,None,1881,1317,0.0,0.0
2021-06-12 11:08:56,â˜†ie,Twitter for Android,RT @yutaokkostu: congrats to attack on titan for being the only anime to have armin arlert and annie leonhardt https://t.co/f74glW4Lrc,188,None,224,245,0.0,1.0
2021-06-12 11:08:55,áƒ¦ğŸ…‘Î¿Î± Ğ½Î±Ğ¸Ï²Î¿Ï²Îº,Twitter for Android,"RT @yahoo201027: Happy Birthday to the Class Representative and One of the Students attending the Academy, Owner of Nue, and Member of theâ€¦",4,None,80,38,0.8,1.0
2021-06-12 11:08:54,Dominatorâ„¢,Twitter for Android,Me who didn't even c tat Anime ğŸš¶ğŸš¶ https://t.co/zGwENgo4hK https://t.co/bk5Uceb1Yg,0,None,3291,407,0.0,0.0
2021-06-12 11:08:48,Hlithium,Twitter for Android,RT @GameSpot: Netflix's Castlevania series isn't over just yet! Get ready for a brand-new spin-off: https://t.co/IhfgpFQGMU https://t.co/GVâ€¦,3,None,172,887,0.2,0.5
2021-06-12 11:08:48,95Darkrai,Twitter for iPhone,RT @TheGoldenSmurf: For some reasons the YGO Anime decided to nerf Joey hardcore in fighting. https://t.co/u54xcs1xnO,47,None,179,405,0.0,0.0
2021-06-12 11:08:47,evie â™¡â€™s jay current read: archers voice,Twitter for iPhone,"RT @littlebooklore: hey im new to #booktwt looking for new friends! some books i love:

-wicked fox
-six of crows
-the raven boys
-aridanteâ€¦",1,booktwt,155,139,0.2689393939393939,0.503030303030303
2021-06-12 11:08:44,Leggobeast,Twitter for Android,"#TreseOnNetflix superb, battling spirits and demon's #philipinofolklawtales #anime https://t.co/xZ30XJAg6T",2,TreseOnNetflix,309,443,1.0,1.0
2021-06-12 11:08:43,TY#ğŸ’œYourVoiceğŸ¤,Twitter for iPhone,RT @AoTJewels: Top 10 anime betrayals https://t.co/vFCF16di3s,1649,None,259,1009,0.5,0.5
2021-06-12 11:08:40,Wolfy_plays505,Twitter Web App,@Naruto_Anime_EN NO I HAVENT NOW HELP ME WITH IT!,0,None,0,45,0.0,0.0
2021-06-12 11:08:40,ali @ SAKY0CITO ILLUST!!!,Twitter for Android,"RT @yagefudo: i have never liked and continue to not like the framing of the joseimuke genre as ""hot boys and easy gameplay for thristy strâ€¦",158,None,317,447,0.1277777777777778,0.8277777777777778
2021-06-12 11:08:40,lex,Twitter for iPhone,RT @yutaokkostu: congrats to attack on titan for being the only anime to have armin arlert and annie leonhardt https://t.co/f74glW4Lrc,188,None,327,413,0.0,1.0
2021-06-12 11:08:40,Vert @ GOING CRAZY OVER THE VANITAS ANIME,Twitter for iPhone,@Niche_less_ @FoolPlanet Iâ€™m talking about harem animeâ€™s ğŸ¤¨wym??,0,None,647,1604,0.0,0.0
2021-06-12 11:08:39,ğ¹ğ’·ğ’œğ’¶ğ“‰ğ“‰ğ’¶ğ’¸ğ“€,Twitter for Android,RT @AnimesFeeIings: Gaming in anime ğŸ® https://t.co/b0gaEFrS4Y,1175,None,0,5,0.0,0.0
2021-06-12 11:08:39,ğŸ™„,Twitter for Android,RT @yutaokkostu: congrats to attack on titan for being the only anime to have armin arlert and annie leonhardt https://t.co/f74glW4Lrc,188,None,19,35,0.0,1.0
2021-06-12 11:08:38,John....,Twitter Web App,"RT @FilmGob: Zack Snyder: ""Here's a diverse cast for my Norse Gods anime""

A sexually frustrated blogger trying to stay relevant: https://tâ€¦",76,None,71,64,-0.14999999999999997,0.55
2021-06-12 11:08:36,KouraF,Twitter for Android,"RT @carazure: canon anime fugo vs the way i draw fugo....
#jjba https://t.co/3kyhKNFcFr",385,jjba,85,597,0.0,0.0
2021-06-12 11:08:35,ğŸ’›ğŸ’™~â„œavel á¢hoenix~ğŸ’™ğŸ’› ((Eli Ayase~)),Twitter for Android,"RT @KittyRosette192: Name: I'm Ashley Rosemary aka Ashley The White Wolf. I am a transgender woman and lesbian. 
Interests: Anime, Gaming,â€¦",32,None,2405,3404,0.0,0.0
2021-06-12 11:08:34,F/A ğ‘¹ğ’€ğ‘¹ğ‘¼ğ‘¿,Twitter for iPhone,RT @animfeels: Anime: Your Name https://t.co/xxWhvin7bb,449,None,207,160,0.0,0.0
2021-06-12 11:08:34,ABSOLUTE TOUGHNESS,Twitter for Android,"RT @jeralduy: Kudos to BASE Entertainment for making the Philippine flag a cityscape background art in #TreseOnNetflix anime 
#Trese #TabiTâ€¦",174,TreseOnNetflix,1129,375,-0.8,1.0
2021-06-12 11:08:32,godziwa,Twitter for iPhone,finally finished watching cardcaptor sakura (it has actually already been an hour and i was just letting everythingâ€¦ https://t.co/rR9ExPSkZw,0,None,14,202,0.0,0.55
2021-06-12 11:08:31,SendoğŸŒŠ,Twitter for iPhone,RT @AnimesFeeIings: Gaming in anime ğŸ® https://t.co/b0gaEFrS4Y,1175,None,203,188,0.0,0.0
2021-06-12 11:08:30,VIV,Twitter Web App,"@a_animators @YapapaMirage Naoko Takeuchi, technically the entire SM fans when they read the manga first then lookâ€¦ https://t.co/Ezw5N1F7Ob",0,None,6,9,0.08333333333333333,0.3527777777777778
2021-06-12 11:08:29,Rev Prez,Twitter Web App,That was a fun day. https://t.co/KRVDsm6hGa https://t.co/zYF9GEONDT,0,None,662,539,0.3,0.2
2021-06-12 11:08:26,âš°ï¸,Twitter for iPhone,the disgusting qrt &amp; replies. KÂ¥$ https://t.co/FbQDtjATaf https://t.co/U3wkwtnOzb,0,None,387,135,-1.0,1.0
2021-06-12 11:08:25,â—Ëšğ’ ğ’Š ğ’‘ ğ’‘ ğ’Š ğŸ’«âŒ‡ âºâ—¦ğ’„ğ’ğ’ğ’ ğ’ğ’‘ğ’†ğ’,Twitter for iPad,"â€” Reference
Anime : The stranger by the sea / Umibe no Ã©tranger (2020)
((I love this anime to ma core. The story anâ€¦ https://t.co/xfJj2BHr0j",0,None,1882,264,0.5,0.6
2021-06-12 11:08:25,ğŸ’šğŸŒ¸ Ishipaca ğŸŒ¸ğŸ’š,Twitter for Android,RT @applecrumbx: is2g you're about to get some ass whoppin from mama kasen https://t.co/JHJSfE6vfq,2,None,96,396,0.0,0.0
2021-06-12 11:08:23,RULS Adwan,Twitter Web App,@jiraiyaIN @Zuityy anime name ?,0,None,1854,338,0.0,0.0
2021-06-12 11:08:21,ã‚¸ãƒ³ã‚»ã‚¤å·¥æˆ¿ã€€åªä»Šã€ã‚ªãƒªãƒ•ãƒ¬ã«ã©ãƒãƒã‚Šä¸­,Twitter for iPhone,RT @Sitinuramjah: Trying to draw 70's Getter robo with my art chibi style. I also try to make experiments the color to make looks the retroâ€¦,27,None,577,1353,0.0,0.0
2021-06-12 11:08:21,â—¡Ìˆê•¤ğ–¤ catboy mubra evangelion fan acc ğ–¤ê•¤â—¡Ìˆ,Twitter for Android,RT @luulubuu: I really hope they don't forget about this scene in the new castlevania anime https://t.co/gwgCChxaxQ,2617,None,2157,1623,0.16818181818181818,0.32727272727272727
2021-06-12 11:08:19,Sora mbk,Twitter for Android,"RT @TheOnePieceEra: Anime : One Piece

Most Underrated Character in One Piece ğŸ¤£ https://t.co/wHizqxG3lS",2072,None,8,98,0.5,0.5
2021-06-12 11:08:18,RE:AnimeTron,BotXtreme,"RT @G53387141: This May become a thing SuperSmash Brothers ps5

#game #gamer #gaming #games #ps #playstation #videogames #xbox #gamers #memâ€¦",4,game,5908,1,-0.4,0.4
2021-06-12 11:08:18,Ouki,Twitter for iPhone,RT @NejireeKun: Me at 5am still watching anime https://t.co/gHYLamIBvU,6035,None,2252,1263,0.0,0.0
2021-06-12 11:08:17,Esper,Twitter Web App,"@CatboysDaily log horizon is a fun isekai anime with nyanta, a dual wielding chef catboy in a supporting role",0,None,291,155,0.275,0.225
2021-06-12 11:08:17,Mati is trying to use 100% of her brain for exams,Twitter for Android,"RT @nana_blue22: Wonho x Atsumu
I see thighs, i see Atsumu.
#haikyuu #atsumu #atsumumiya #MONSTAX #haikyuufanart #miya #anime https://t.co/â€¦",24,haikyuu,2143,459,0.0,0.0
2021-06-12 11:08:16,Violet (EnVtuber/VStreamer ğŸ‡¬ğŸ‡§),Twitter for Android,"RT @AhabsStudios: The gall of anime licensing companies to call people who pirate and fansub ""colonizers"" when they themselves alter linesâ€¦",473,None,432,2879,0.0,0.0
2021-06-12 11:08:14,ğ‘¨ğ’šğ’‚ğ’ğ’ğ’Œğ’ğ’–ğ’‹ğ’Š ğ—ğ—¶ğ˜†ğ—¼ğ˜ğ—®ğ—¸ğ—®,Twitter for Android,RT @animfeels: Anime: Your Name https://t.co/xxWhvin7bb,449,None,69,5,0.0,0.0
2021-06-12 11:08:14,Timid garden7,Twitter Web App,"RT @sumienps: Finally we meet again,xiao! Thank you mihoyo!ğŸ¥ºğŸ¥º
#miHoYo #GenshinImapct #xiaolumi #Xiao #genshinimpactart #genshintwt #LUMINEâ€¦",67,miHoYo,70,81,0.0,1.0
2021-06-12 11:08:14,Wolfy_plays505,Twitter Web App,@Naruto_Anime_EN oh no not the exams again,0,None,0,45,0.0,0.0
2021-06-12 11:08:13,Rage,Twitter for iPhone,RT @VisuaIAnimes: Anime : Demon Slayer https://t.co/MZ5FIulu8y,1595,None,374,4997,0.0,0.0
2021-06-12 11:08:13,livâœ¨,Twitter for Android,RT @Pigliicorn: #Yoimiya :) very much looking forward to the new area and characters coming for #GenshinImpact 1.7! Love this #characterdesâ€¦,10,Yoimiya,424,478,0.35761363636363636,0.5786363636363636
2021-06-12 11:08:12,âœ¨ğŸŒ¸ Lamb ğŸŒ¸âœ¨ COMMISSIONS OPEN 1/5 ğŸŒ¸âœ¨,Twitter for iPad,@SammyG_xo I draw cute anime style and I still have 4 slots open ğŸ’œğŸ’œ you can check my pinned for more info and samplâ€¦ https://t.co/tgdc0ebpVB,0,None,883,349,0.3333333333333333,0.6666666666666666
2021-06-12 11:08:12,ghost. sasha's gf,Twitter for Android,RT @yutaokkostu: congrats to attack on titan for being the only anime to have armin arlert and annie leonhardt https://t.co/f74glW4Lrc,188,None,1983,2155,0.0,1.0
2021-06-12 11:08:11,ğšŒğšŠğšœğšœğš’ğšğŸ™,Twitter for iPhone,RT @VisuaIAnimes: Anime : The Promised Neverland https://t.co/bsRc9JxMNQ,1062,None,1274,720,0.0,0.0
2021-06-12 11:08:11,Scarlet ã€„ Witch,Twitter Web App,"@EmilyLuxuria ur pushing 40 with an anime pfp, please worry about yourself ms girl",0,None,237,392,0.0,0.0
2021-06-12 11:08:08,otak blank ğŸ‡µğŸ‡¸,Twitter for Android,RT @ZoldyckSzn: Cats x AoT anime https://t.co/acfZ9KbPLG,284,None,11,197,0.0,0.0
2021-06-12 11:08:08,bored,Twitter Web App,"RT @jeralduy: Kudos to BASE Entertainment for making the Philippine flag a cityscape background art in #TreseOnNetflix anime 
#Trese #TabiTâ€¦",174,TreseOnNetflix,128,683,-0.8,1.0
2021-06-12 11:08:08,bts.jikook,Twitter Web App,RT @kkyucalico: dainty anime girl jungkook pose ğŸ˜­ https://t.co/I4esoqtZhN,10,None,460,318,0.9,1.0
2021-06-12 11:08:07,Gaurav,Twitter for iPhone,@ahamsupremaci @shudduploserr youâ€™ve confused it with manga mf how u be saying anime (short for animation) isnâ€™t about animationğŸ˜,0,None,44,70,-0.2,0.5
2021-06-12 11:08:06,JON,Twitter for Android,RT @AoTJewels: Top 10 anime betrayals https://t.co/vFCF16di3s,1649,None,964,1756,0.5,0.5
2021-06-12 11:08:06,benji,Twitter Web App,@lporiginalg anime is the work of god and you can't convince me otherwise,0,None,40,663,0.0,0.0
2021-06-12 11:08:06,direkomendasikan,Twitter for Android,"RT @stikzshop: Shop my sale: 30% off. https://t.co/4QFsa9yavi

@SmallStreamersR @rtsmallstreams @SmallStreamersC @Etsy @stream_caster @rekoâ€¦",5,None,22,57,0.0,0.0
2021-06-12 11:08:05,LUCKY LIZQUENS INTERNATIONAL,Twitter for Android,"RT @notaphroditay: yes, let's accept the fact na may mga flaws pa yung trese but this is our first filipino anime. there will always be rooâ€¦",16,None,443,1061,0.25,0.3333333333333333
2021-06-12 11:08:05,Rage,Twitter for iPhone,RT @VisuaIAnimes: Anime : The Promised Neverland https://t.co/bsRc9JxMNQ,1062,None,374,4997,0.0,0.0
2021-06-12 11:08:05,I MISS EREN,Twitter for Android,RT @Izukuuu_shonen: This anime scene is so cute ğŸ¥º https://t.co/BZYxFgqUIo,2771,None,157,703,0.5,1.0
2021-06-12 11:08:05,mikyla âœ©,Twitter for Android,RT @VisuaIAnimes: Anime : The Promised Neverland https://t.co/bsRc9JxMNQ,1062,None,18,46,0.0,0.0
2021-06-12 11:08:03,eudjiw,Twitter for iPhone,RT @AnimesFeeIings: Gaming in anime ğŸ® https://t.co/b0gaEFrS4Y,1175,None,97,639,0.0,0.0
2021-06-12 11:08:02,sÄn,Twitter for iPhone,RT @animfeels: Anime: Your Name https://t.co/xxWhvin7bb,449,None,49,140,0.0,0.0
2021-06-12 11:08:01,I MISS EREN,Twitter for Android,"RT @Izukuuu_shonen: Anime : horimiya â™¥ï¸

Follow me for more anime content https://t.co/hKt8Ki0UzO",49,None,157,703,0.5,0.5
2021-06-12 11:07:59,AslÄ±,Twitter for iPhone,"RT @noranikoletta: Look, it's the Lore Man but anime ğŸ‘€ Hope you guys like it, it took me some time ^^

#GEORGENOTFOUND #georgenotfoundfanarâ€¦",1585,GEORGENOTFOUND,190,581,0.0,0.0
2021-06-12 11:07:56,âœ¨ğŸ‡µğŸ‡¸âœ¨,Twitter for Android,"RT @MuhaddasI: Mfs be like ""eww anime"" then go watch psl",27,None,862,1019,0.0,0.0
2021-06-12 11:07:55,:p,Twitter for iPhone,vnc anime@ vibes are SO GOOD the atmosphere is all i could have hoped for,0,None,231,369,0.7,0.6000000000000001
2021-06-12 11:07:54,narusayang.,Twitter for Android,RT @4NGSTR0M: #YUTA as anime characters https://t.co/zZkYvJ8Mib,60,YUTA,175,183,0.0,0.0
2021-06-12 11:07:54,iKarazy â­ï¸,Twitter for iPhone,IM OFFICIALLY CAUGHT UP ON ONE PIECE ANIME LETS FUCKING GOOOOOOOOOOOOO https://t.co/mJuYxIAm7R,0,None,237,327,-0.6,0.8
2021-06-12 11:07:53,æ¡œå®®,Twitter for iPhone,"RT @mankai_company: A3! ACT3! 2/2 COUNTDOWN
DELï¼ˆKey Masterï¼‰
https://t.co/JvphkoR5T8
6/24 #ã‚¨ãƒ¼ã‚¹ãƒªãƒ¼ https://t.co/SwYrSJQ3M6",2907,ã‚¨ãƒ¼ã‚¹ãƒªãƒ¼,107,290,0.0,0.0
2021-06-12 11:07:53,Maria Fidalgo,Twitter Web App,"RT @MAngel_Arqto: #Architecture &amp; #Anime // In Tekkonkinkreet, Michael Arias was inspired by #LebbeusWoods for the design of the coldly tecâ€¦",15,Architecture,7102,5917,-0.6,1.0
2021-06-12 11:07:52,PoH,Twitter for iPhone,RT @anime_postt: Anime : Demon Slayer https://t.co/jHAJcBOjNz,199,None,536,338,0.0,0.0
2021-06-12 11:07:50,Gabriel Akara,Twitter for Android,"RT @AnimeContexts: Watching anime         Watching anime
when I was 6               now https://t.co/1aZMWjlte9",6493,None,78,246,0.0,0.0
2021-06-12 11:07:49,OMGGamingSquad,Twitter for iPhone,RT @golden_bolden_: This smacks!!! When Crunk meets Anime #OnMyGrind #MFGolden @OMGGamingSquad https://t.co/Su6WNZkA1w,2,OnMyGrind,320,212,0.0,0.0
2021-06-12 11:07:49,Ouzaá¶œÊ³á¶ ,Twitter for Android,RT @yutaokkostu: congrats to attack on titan for being the only anime to have armin arlert and annie leonhardt https://t.co/f74glW4Lrc,188,None,1280,1251,0.0,1.0
2021-06-12 11:07:49,Ğ”Ğ·ÑŒĞ¸Ñ,Twitter for Android,RT @KnyPicture: Zenitsu in different anime styles https://t.co/KoiRnpYHNy,2632,None,41,248,0.0,0.6
2021-06-12 11:07:48,Andy MğŸ‡¬ğŸ‡§ ğŸ‘¨â€ğŸ¦½ğŸ¦®ğŸ•â€ğŸ¦ºğŸ’» ğŸ‹ï¸â€â™‚ï¸ğŸ™Œ ğŸ¦…ğŸµ,Twitter Web App,"Check out Video games, Coffee, &amp; a Thunderstorm | EST | !Schedule !anime  from Joeyking25 on https://t.co/6Q83Qesd7C https://t.co/x4gzrCTID8",0,None,3592,5000,0.0,0.0
2021-06-12 11:07:48,à¸«à¸¡à¹ˆà¸²à¸¡à¹Šà¸²à¸™à¹‰à¸­à¸‡à¹à¸ˆà¸®à¸§à¸²à¸™â¤ğŸƒ,Twitter for Android,"RT @KDANIEL_SUPPORT: [ğŸ“¢] MUBEAT | PROGRESS

D-6 Subway Ad July Anniversary
210612 | 07:45PM KST
Rank #1 | 266,625 votes (21.3 %)

â° ~ Juneâ€¦",9,None,138,639,-0.775,0.95
2021-06-12 11:07:48,Ziino,Twitter for Android,"RT @NesKefee: Trying to expand my name in design so I'm doing half price banners for the first 5 people that message me ($15) ğŸ˜ˆ
Get them orâ€¦",6,None,37,26,0.04166666666666667,0.25
2021-06-12 11:07:45,GallienTheDemon,Twitter for iPhone,Turn me into an anime girl already https://t.co/ZzaijwyL3L,0,None,9,150,0.0,0.0
2021-06-12 11:07:44,deku goated | happy pride month bois,Twitter for iPad,"RT @Bakusastusan: Although MHA is one of the most popular anime out there, I still think that in terms of story itâ€™s under appreciated andâ€¦",228,None,130,743,0.43333333333333335,0.5
2021-06-12 11:07:42,Wolfy_plays505,Twitter Web App,@Naruto_Anime_EN yea yea totally not harming,0,None,0,45,0.0,0.75
2021-06-12 11:07:40,winryedward,Twitter Web App,@SvValent @RachySM @VillainsSoul @CKZR28 @clauderogerong1 @FallenNight1345 @Supa_Saiya_jin @Spectre_Animeâ€¦ https://t.co/Mtpj1sRMJC,0,None,2928,3039,0.0,0.0
2021-06-12 11:07:40,marga,Twitter for Android,"RT @Anime: Hey, Chuunibyou fans! Today is Rikka Takanashiâ€™s birthday. Like, RT, and Comment to wish her a great one today! ğŸ‚ https://t.co/4â€¦",21,None,418,445,1.0,0.75
2021-06-12 11:07:39,I MISS EREN,Twitter for Android,RT @Izukuuu_shonen: This anime scene hit hard.... https://t.co/bduYZ4wbqP,7364,None,157,703,-0.2916666666666667,0.5416666666666666
2021-06-12 11:07:39,Kevinâœ±âµ,Twitter for Android,"RT @Kevinhidayat24: About 'Your Name' â˜„ï¸
(Next anime..? ğŸ¤·â€â™‚ï¸)
@5ecretNumber 
#SECRET_NUMBER
#ì‹œí¬ë¦¿ë„˜ë²„ https://t.co/qXeYhJ0Y4D",9,SECRET_NUMBER,344,334,0.0,0.0
2021-06-12 11:07:36,Zenkai,Twitter for Android,RT @ItachisEyebags: What's your most rewatched anime? ğŸ¤”,648,None,42,130,0.5,0.5
2021-06-12 11:07:35,ğŸŒ»NanağŸŒ»,Twitter for Android,"when I heard that Hiroyuki Sawano composed ost for Promare I FUCKING CRIED
this man + studio trigger is the best coâ€¦ https://t.co/oRzZAjVdEx",0,None,1098,270,0.2,0.55
2021-06-12 11:07:35,Razmiel,Twitter Web App,RT @TheGabiType: *manifests bf who is also obsessed w pokemon so I can share hot takes about the anime w them and draw them w their faves*,3,None,123,1170,-0.125,0.925
2021-06-12 11:07:32,ğŸ³ï¸â€âš§ï¸ğŸ‡³ğŸ‡±Big Mommy LizağŸ‡³ğŸ‡±ğŸ³ï¸â€âš§ï¸,Twitter for Android,"Why do blind anime characters always say ""i see""",0,None,4438,4969,-0.5,0.6666666666666666
2021-06-12 11:07:32,Giada Denzel,Twitter for iPhone,"RT @AnimeContexts: Watching anime         Watching anime
when I was 6               now https://t.co/1aZMWjlte9",6493,None,7,102,0.0,0.0
2021-06-12 11:07:31,Average Omni-man Apologist à¥ª,Twitter for Android,RT @B_Nut_Parfait: Cons have evolved from blaming games for satanism to blaming anime for low-self esteem,1,None,350,893,0.0,0.0
2021-06-12 11:07:29,Lesbifriends,Twitter for Android,"RT @gentlemanbroad: Ten minutes of a perfect illustration of The Debate.

GC: Highlights a difficult point that needs a considered and nuanâ€¦",21,None,181,226,0.16666666666666666,0.6666666666666666
2021-06-12 11:07:29,â•° ğ“’Î¹Ğ¸ â˜†,Twitter for Android,"RT @ribbon_tail: It's been one year since the anime remake announcement!! And we are already at episode 11, just wow...!!!!! Happy announceâ€¦",31,None,77,1070,0.552587890625,1.0
2021-06-12 11:07:27,AnimeDrawing || ğŸ’œğŸ’š||,Twitter for Android,@Emiraryu ğŸ˜‚ğŸ˜‚ğŸ˜‚ğŸ˜‚ Like i saw this yesterday and don't fall again it feels awesome,0,None,220,341,1.0,1.0
2021-06-12 11:07:27,Lumenx,Twitter Web App,RT @DrachenFyr: When anime creators look at one too many vore pics https://t.co/nXsdQAHoZe,26,None,60,247,0.5,0.5
2021-06-12 11:07:24,olivia,Twitter for Android,"RT @Anime: Today is the birthday of Kenjiro Tsuda, the voice of Seto Kaiba in Yu-Gi-Oh!, Nanami Kento in Jujutsu Kaisen, Tatsu in The Way oâ€¦",700,None,230,184,0.0,0.0
2021-06-12 11:07:22,maria 2.0,Twitter for Android,need more anime to watch ğŸ¤²ğŸ»,0,None,195,137,0.5,0.5
2021-06-12 11:07:20,ğ•‚ğ•šğ•Ÿğ•˜,Twitter Web App,RT @SynthCool: @lporiginalg statue pfps vs anime pfps battle of the short bus,8,None,7,222,0.0,0.3
2021-06-12 11:07:20,Francisco Medina Reyes,Twitter for Android,"RT @Jamesvelectric2: Both Sugu and Asuna look so beautiful. *faints*
ğŸ˜â¤ğŸ˜µ #sao_anime #Alicization https://t.co/xyQdXEF2ov",130,sao_anime,10,45,0.85,1.0
2021-06-12 11:07:19,Syahin.,Twitter for iPhone,Top 10 anime all of time and number 1 in manga all of time for a reason you stupid fuck. Maghoh ni maghohhhhhhhh. https://t.co/zi4oYOw7pK,0,None,467,266,-0.2333333333333333,0.7000000000000001
2021-06-12 11:07:19,wayv,Twitter for Android,"RT @wayvmsg: HD

anime anime anime anime
recommend to me quickly ğŸ¤© ğŸ¤© ğŸ¤© 
asap

[5:54pm KST]",87,None,50,117,0.3333333333333333,0.5
2021-06-12 11:07:19,Brice Nichol,Twitter Web App,@ActualAero I really believe itâ€™s gonna be a huge disappointment like alwaysâ€¦ and that Nintendoâ€™s Gonna reveal a shâ€¦ https://t.co/Hi1UkEkjcY,0,None,26,125,3.700743415417188e-17,0.5
2021-06-12 11:07:17,if you stan aespa dont follow me im sorry,Twitter for Android,"RT @bblnct_: Hendery

Anime anime anime anime 

Recommend to me quickly ğŸ¤©ğŸ¤©ğŸ¤©

asap",136,None,948,1020,0.3333333333333333,0.5
2021-06-12 11:07:17,Ù‹,Twitter for Android,"RT @awesomeMissK: Not a fan of the og trese but I did read it. So far, Liza did a good job. Even my prof who introduced it to us thinks sheâ€¦",58,None,376,288,0.39999999999999997,0.8
2021-06-12 11:07:17,Laura Cantik,Twitter for Android,"RT @AnimeContexts: Watching anime         Watching anime
when I was 6               now https://t.co/1aZMWjlte9",6493,None,17,81,0.0,0.0
2021-06-12 11:07:17,ğŸ¥šKatja ğŸ¥š| CW : Vivy & Mars Red,Twitter Web App,"Watch Shadows House, one of the most addictive ending I ever seen for the past few years and one of the best animeâ€¦ https://t.co/JWctHjdXVF",0,None,354,300,0.21000000000000002,0.41
2021-06-12 11:07:11,â­’ len alen,Twitter for Android,"RT @pplalwyssay: Unflop please
Ayo mutualan #Anitwt hype anime, Webtoon, J-Pop, or anything, let's be friend tyğŸ¤
(Ini maksa)
RT/like highlyâ€¦",16,Anitwt,1489,1440,0.16,0.5399999999999999
2021-06-12 11:07:11,ã…‡ã……ã…‡ğŸ™ qifco brainrot,Twitter for iPhone,letâ€™s be honest âœ¨ jjk anime nice and all but kinda ugly,0,None,64,95,0.16666666666666666,0.9666666666666667
2021-06-12 11:07:10,âš¢ Gi ğŸ’,Twitter for iPhone,RT @yutaokkostu: congrats to attack on titan for being the only anime to have armin arlert and annie leonhardt https://t.co/f74glW4Lrc,188,None,828,795,0.0,1.0
2021-06-12 11:07:08,Klaus,Twitter Web App,"#architecture &amp; #anime #drawing | @MAngel_Arqto was speaking about the architectural design in Tekkonkinkreet, andâ€¦ https://t.co/SuaJt5SnNm",1,architecture,11789,1072,0.0,0.0
2021-06-12 11:07:06,ilağŸ,Twitter for Android,RT @VisualShonen: Anime : Demon Slayer https://t.co/FWZPPyM7tG,1820,None,579,615,0.0,0.0
2021-06-12 11:07:06,themeditativewitch,Twitter for iPhone,Personal struggle and trauma is never easy to deal with. Demon Slayer is an amazing example of overcoming it and clâ€¦ https://t.co/iSt0qYq8o1,0,None,5,5,0.1277777777777778,0.6777777777777777
2021-06-12 11:07:05,Harry Green,Twitter Web App,"RT @YveltalArt: - From ""Kaiju"" Final Major Project 2021 
Â© Harry Green, Emma Henderson, Ellie Gibbs &amp; Tan Kimber 

Follow me on Instagram:â€¦",1,None,179,453,-0.04583333333333334,0.6
2021-06-12 11:07:05,cylizzle.,Twitter for Android,RT @ItachisEyebags: What's your most rewatched anime? ğŸ¤”,648,None,2619,2597,0.5,0.5
2021-06-12 11:07:04,StephãƒŸâ—ï¹â˜‰ãƒŸ â—OPEN for COMMISSIONâ—,Twitter for Android,"@hamster_doodles hi Im Steph , I'm a digital Artist who luvs to draw anime fanart. Thanks for hosting an artshareeeâ€¦ https://t.co/pMjLvYfT0O",0,None,372,379,0.1,0.1
2021-06-12 11:07:03,.Ù©(ËŠá—œË‹*)Ùˆ.GarbageMan,Twitter for Android,Nobody told me that when my mullet would grow out and I put on beanies I would get sad anime cat ear vibes coming oâ€¦ https://t.co/GDwhqTyUBt,0,None,2261,1098,-0.5,1.0
2021-06-12 11:07:02,Petsu-chan,Twitter Web App,Interesting how Yuyama directed Plawres Sanshiro (which was after Goshogun and Momo) and then 13 years later he'd eâ€¦ https://t.co/VoQPzxnNwj,0,None,837,5000,0.25,0.25
2021-06-12 11:07:01,FatimağŸ¦‹,Twitter for iPhone,RT @TheOnePieceEra: Anime : One Piece https://t.co/RdN8a8bFSq,2690,None,181,136,0.0,0.0
2021-06-12 11:07:00,dzadza,Twitter for Android,anime: Attack on Titan https://t.co/zEN2BJaeBX,0,None,185,328,0.0,0.0
2021-06-12 11:07:00,BrainDead,Twitter for Android,RT @TheGoldenSmurf: For some reasons the YGO Anime decided to nerf Joey hardcore in fighting. https://t.co/u54xcs1xnO,47,None,39,914,0.0,0.0
2021-06-12 11:06:59,Katisdeprived,Twitter for Android,"RT @Anime: Hey, Chuunibyou fans! Today is Rikka Takanashiâ€™s birthday. Like, RT, and Comment to wish her a great one today! ğŸ‚ https://t.co/4â€¦",21,None,2,197,1.0,0.75
2021-06-12 11:06:56,Arata,Twitter for Android,@TheCryptovore @ColinGr93457685 @Paris143698 @Eljaboom We are building an Anime Streaming platform which will alsoâ€¦ https://t.co/inrhf19ofb,0,None,22,1,0.0,0.0
2021-06-12 11:06:55,Dang â™¥ï¸ğŸ‰ ThankYouCoco!,Twitter for Android,@NosuSuishin The reason behind their next target being FBK is such bullshit. It's their next sharper because she onâ€¦ https://t.co/dRH1cvvfvu,0,None,381,432,-0.1,0.3
2021-06-12 11:06:55,Archie,Twitter for Android,RT @animeroto: Anime fans felt this one https://t.co/BMnZzOTcJZ,514,None,104,116,0.0,0.0
2021-06-12 11:06:54,remi ; ğŸ„,Twitter for iPhone,"RT @noranikoletta: Look, it's the Lore Man but anime ğŸ‘€ Hope you guys like it, it took me some time ^^

#GEORGENOTFOUND #georgenotfoundfanarâ€¦",1585,GEORGENOTFOUND,243,364,0.0,0.0
2021-06-12 11:06:51,Ö´ğ‘Ã¸ğ± ğŸŸ | #StoneOcean,Twitter for Android,RT @WeebAhmad: Anime : Hunter x Hunter https://t.co/iAPgvKHZU3,525,None,1000,998,0.0,0.0
2021-06-12 11:06:49,ErikFrankhouseğŸ²,Twitter for iPhone,"Had a fun day with @kjdawson80 few beers. Talking #streaming and #Ethauntia. 

Oh and we watched the anime House Huâ€¦ https://t.co/hmupjPA8Fu",0,streaming,857,312,0.04999999999999999,0.15000000000000002
2021-06-12 11:06:47,Ö´ğ‘Ã¸ğ± ğŸŸ | #StoneOcean,Twitter for Android,"RT @Crunchyroll: NEWS: Re-Live the JUJUTSU KAISEN TV Anime at Upcoming 2-Part Exhibition

âœ¨ MORE: https://t.co/ocRRqiNVtI https://t.co/yUzpâ€¦",227,None,1000,998,0.5,0.5
2021-06-12 11:06:46,silvanna ğŸŒ±,Twitter for Android,"@Cashbro303 @DINTToken Tg.riegoblessed
Thankyou.... https://t.co/yLUNG06tBM",0,None,111,3815,0.0,0.0
2021-06-12 11:06:46,Fat Gum âšªï¸,Twitter for iPhone,RT @YonkouProd: chainsaw man has the potential to be the greatest anime ever...the fanbase is insane...,994,None,49,66,0.0,1.0
2021-06-12 11:06:45,nish,Twitter for Android,i found a local anime shop so babai duit,0,None,177,111,0.0,0.0
2021-06-12 11:06:45,ONz ğŸ¥,Twitter for Android,RT @AoTJewels: Top 10 anime betrayals https://t.co/vFCF16di3s,1649,None,162,396,0.5,0.5
2021-06-12 11:06:44,Galluna,Twitter Web App,"RT @noranikoletta: Look, it's the Lore Man but anime ğŸ‘€ Hope you guys like it, it took me some time ^^

#GEORGENOTFOUND #georgenotfoundfanarâ€¦",1585,GEORGENOTFOUND,11,250,0.0,0.0
2021-06-12 11:06:43,blomme ğŸ¦‹ #FreePalestine,Twitter for Android,"@the_gentlmenn Post some manga or anime, this ain't zoophilia twt",0,None,534,579,0.0,0.0
2021-06-12 11:06:39,,Chitori Bocchi,"RT @amiridhmm: i laughed, i cried. one of the best slice of life anime i ever watched https://t.co/52vEQW3QRT",1,None,4715,249,0.85,0.25
2021-06-12 11:06:38,wayv,Twitter for Android,"RT @bblnct_: Hendery

Anime anime anime anime 

Recommend to me quickly ğŸ¤©ğŸ¤©ğŸ¤©

asap",136,None,50,117,0.3333333333333333,0.5
2021-06-12 11:06:36,ğŸ®Mr_Pwabt Gaming - Extra Life CharityğŸ®,Twitter Web App,"RT @IGN: Ubisoft and Netflix announced Captain Laserhawk: A Blood Dragon Remix from Adi Shankar with a six-episode order, as well as anotheâ€¦",16,None,134,475,0.0,0.0
2021-06-12 11:06:36,maria 2.0,Twitter for Android,@zeefficial right it's such a good anime for now ğŸ¥º,0,None,195,137,0.32857142857142857,0.5452380952380952
2021-06-12 11:06:35,RedRumAD,Twitter for Android,"@_Christallina_ @IRa4ks @PaladinsGame I rarely play (only a few nights a wk) &amp; my main is already at Pass lvl 15.
Iâ€¦ https://t.co/oTmbywk6nq",0,None,5,0,0.06666666666666665,0.5833333333333334
2021-06-12 11:06:34,SImpa ğŸŒ±,Twitter for Android,"@dekkermetcalfe I stopped watching it, I'm wag ahead in the manga and the anime bores me now ğŸ˜³",0,None,3892,2049,0.0,0.0
2021-06-12 11:06:33,kiki (writing) ğŸ‡µğŸ‡¸,Twitter Web App,"@bunkukie @iwaoikv it's okay, ive been wanting anime recs ^___^",0,None,339,459,0.5,0.5
2021-06-12 11:06:32,Joshua,Twitter for Android,"@TH3__World @boruo20 Oh really even gaara in his base form can beat kawaki in base lol, first of all kawaki doesn'tâ€¦ https://t.co/Op6EXk7vC4",0,None,322,753,-0.07000000000000002,0.6466666666666667
2021-06-12 11:06:31,Re:Gamertron,Re:Gamertron,RT @Jonahworks1: Dodgeball ğŸ #animation #gaming #cartoon #sans #crashbandicoot #ff7 #shantae #backflip #animated #anime #smashbros #smashulâ€¦,23,animation,7672,1,0.0,0.0
2021-06-12 11:06:30,roy ğŸŠ,Twitter for Android,Can't wait for the anime. Might be the best thing ever,0,None,155,211,1.0,0.3
2021-06-12 11:06:27,Trajanikaeri~â˜†ğŸ§£,Twitter for Android,RT @animeroto: Anime fans felt this one https://t.co/BMnZzOTcJZ,514,None,828,1111,0.0,0.0
2021-06-12 11:06:26,ğŸ”Vex 27ğŸ”,Twitter for Android,RT @reynarabi: I finished the animeğŸ˜ŒğŸ™â¤ï¸ https://t.co/D89HtzsSjI,28,None,182,231,0.0,0.0
2021-06-12 11:06:25,amir ğŸ‡µğŸ‡¸,Twitter for Android,"i laughed, i cried. one of the best slice of life anime i ever watched https://t.co/52vEQW3QRT",1,None,51,191,0.85,0.25
2021-06-12 11:06:24,Kezha,Twitter Web App,RT @anime_postt: Anime : Demon Slayer https://t.co/jHAJcBOjNz,199,None,41,124,0.0,0.0
2021-06-12 11:06:24,Adithyaa,Twitter for Android,Finally watched an anime,0,None,105,631,0.0,1.0
2021-06-12 11:06:24,Alexander,Twitter for Android,"RT @NINELESSKING: omg thank you guys for 200 moots. ill try a follow spree ğŸ˜­

â£ï¸#ANITWT FOLLOW SPREEâ£ï¸ 
â£ï¸#ANITWT FOLLOW SPREEâ£ï¸
â£ï¸#ANITWTâ€¦",2,ANITWT,136,267,-0.5,1.0
2021-06-12 11:06:23,I MISS EREN,Twitter for Android,"I miss him

#Eren https://t.co/d6jK1HTRFN",0,Eren,157,703,0.0,0.0
2021-06-12 11:06:21,extant,Twitter for Android,Anime dudes be in grad school but still won't change their usernames ğŸ¤¦â€â™‚ï¸ğŸ¤¦â€â™‚ï¸ğŸ¤¦â€â™‚ï¸ like ok uzumaki.umeshğŸ˜­ğŸ˜­,0,None,38,344,0.5,0.5
2021-06-12 11:06:21,reign,Twitter for iPhone,"Someone: What makes you happy?
Me: Anime
Someone: What makes you sad?
Me: Anime",0,None,1,5,0.15000000000000002,1.0
2021-06-12 11:06:20,å¤§æ²¼  ç«¿ç¾,Twitter for Android,"RT @TenzinMiyu: Japanese anime character ""Pikachu"" is exploited for the world's left-wing activists pork-barrel ""climate change""!ğŸ˜¡",21,None,209,265,0.0,0.0
2021-06-12 11:06:18,ğ˜‘ğ˜¢ğ˜±ğ˜¢ğ˜¯ğ˜ªğ˜®ğ˜¦ âœ¨,Twitter for iPhone,RT @shonenvibezz: if you could bring one anime character to the real world who would it be? https://t.co/v8jSIkSTHB,11,None,300,22,0.2,0.30000000000000004
2021-06-12 11:06:18,AeliÃ¥ & The Beef Stock à­§â¢âƒà­¨,Twitter for Android,RT @yutaokkostu: congrats to attack on titan for being the only anime to have armin arlert and annie leonhardt https://t.co/f74glW4Lrc,188,None,19,67,0.0,1.0
2021-06-12 11:06:17,,Chitori Bocchi,RT @ayukaawa: The society if big anime aesthetic account stop posting fanarts would be peaceful,1,None,4715,249,0.125,0.3
2021-06-12 11:06:17,ğ—ƒğ—ˆğ—’ğ—ƒğ—ˆğ—’,Twitter for iPhone,RT @YonkouProd: chainsaw man has the potential to be the greatest anime ever...the fanbase is insane...,994,None,19,126,0.0,1.0
2021-06-12 11:06:13,Gui,Twitter for Android,RT @WeebAhmad: Anime : Hunter x Hunter https://t.co/iAPgvKHZU3,525,None,69,41,0.0,0.0
2021-06-12 11:06:13,YOMZ,Twitter for Android,"RT @IreliaCarriesU: im 6â€™1 tall and my wife is obsessed with a male anime character that is 5â€™0 tall, what is life",3,None,102,344,-0.25,0.55
2021-06-12 11:06:10,ğ’Šğ’ğ’›ğ’ğ’ğ’†,Twitter for Android,"RT @RH_IXOff: ğŸ¥ - THREAD - ğŸ¥ (Partie I)

LES COMBATS DANS Lâ€™ANIME BORUTO : NARUTO NEXT GENERATIONS https://t.co/ZEA8JUVgo1",3,None,393,675,0.0,0.0
2021-06-12 11:06:08,ğ˜‘ğ˜¢ğ˜±ğ˜¢ğ˜¯ğ˜ªğ˜®ğ˜¦ âœ¨,Twitter for iPhone,RT @shonenvibezz: whatâ€™s an anime opinion that will have you like this? https://t.co/Px0edIA1yf,27,None,300,22,0.0,0.0
2021-06-12 11:06:04,SkinnyJoe64,Twitter Web App,"RT @Anime: Hey, Chuunibyou fans! Today is Rikka Takanashiâ€™s birthday. Like, RT, and Comment to wish her a great one today! ğŸ‚ https://t.co/4â€¦",21,None,28,134,1.0,0.75
2021-06-12 11:06:04,chen wail,Twitter for Android,"RT @Anime: THIS is how I show up to a job interview.

[SSSS.Dynazenon] https://t.co/q0gaZF8x07",11,None,27,197,0.0,0.0
2021-06-12 11:06:04,jevrielle,Twitter for iPhone,RT @animfeels: Anime: Your Name https://t.co/xxWhvin7bb,449,None,327,127,0.0,0.0
2021-06-12 11:06:03,ğ’ğ’†ğ’•ğ’Š ğ’ğ’ğ’—ğ’Šğ’ğ’ˆ ğ’‰ğ’ğ’ğ’ğ’Šğ’† ğ’‰ğ’ğ’–ğ’“ğ’”,Twitter for Android,@lytpjm no bc im so ğŸ˜• every store i went to i left w/ snacks i wanted to try since its the only place i could easilâ€¦ https://t.co/eySBwuNKAH,0,None,54,124,0.0,0.5
2021-06-12 11:06:03,Â¹â°beaverofthemistÂ²â´,Twitter for Android,"RT @multifavs_: for someone who loves anime a lot,,, trese is a 10/10 for me",24,None,935,2524,0.0,0.0
2021-06-12 11:06:03,GZooz,Twitter for Android,"RT @ChainsawManShot: Chainsaw Man anime PV on June 27th by MAPPA Studio.
15 days are remaining now for the reveal. https://t.co/txIdOmtg9p",109,None,61,537,0.0,0.0
2021-06-12 11:06:03,.,Twitter for iPhone,"RT @Izukuuu_shonen: if you see this, reply with an anime that gave you the most feels https://t.co/tVxYQQW381",874,None,0,0,0.5,0.5
2021-06-12 11:06:01,ğŸ§ƒ,Twitter for iPhone,@literakiphany @iwaoikv its honestly just anime &amp; genshin but if u want to sure!,0,None,76,64,0.6125,0.8944444444444444
2021-06-12 11:06:01,Engrid.,Twitter for Android,The society if big anime aesthetic account stop posting fanarts would be peaceful,1,None,287,274,0.125,0.3
2021-06-12 11:05:59,sirlallington,Twitter for iPhone,#Trese (2021) You can tell the comic creators based this on #Constantine amongst other characters.. The episodes prâ€¦ https://t.co/xNtzoiRsrU,2,Trese,30,32,0.0625,0.4375
2021-06-12 11:05:58,Adrian,Twitter for Android,RT @hasulitow: @gate_io $SMOON by far. The first anime token is taking small but solid steps towards being more than a cryptocurrency. Passâ€¦,18,None,9,70,0.12,0.4666666666666667
2021-06-12 11:05:57,é“ ç”²å‹‡åœŸç«é›»ä¸½èğŸ”¥ğŸ‰(æ—¥æœ¬èª/è‹±è¯­/å°åº¦èª},Twitter for Android,"wait wut?? #AttackOnTitan is an indian movie ??? WtF 
#anime #MEMES #ã‚¢ãƒ‹ãƒ¡ https://t.co/LzxX7jiizY",2,AttackOnTitan,446,3531,-0.5,1.0
2021-06-12 11:05:56,Programador ladillado,Twitter for Android,RT @ladythebug01: Rekkles from the banger LEC anime teaser kinda #G2WIN https://t.co/4fEBMtFoca,62,G2WIN,71,700,0.0,0.0
2021-06-12 11:05:56,NeochenjeleÂ® |Artsbyneo,Twitter for Android,"RT @artsbyneo: Here are more of my works.
I make Arts and design.
You can contact me for business.

Kindly help me like tag and retweet. 
:â€¦",1,None,3,3,0.55,0.7
2021-06-12 11:05:54,á´®á´±AsmAâ· ğŸ‡µğŸ‡¸,Twitter for Android,"RT @armydilf: bffs doing this again 

RETWEET THIS TWEET and i will be PICKING SOMEONE RANDOM TO SHARE MY MUSTER TICKET WITH i will be pickâ€¦",237,None,327,394,-0.5,0.5
2021-06-12 11:05:52,Juanan,Twitter for iPhone,RT @hasulitow: @gate_io $SMOON by far. The first anime token is taking small but solid steps towards being more than a cryptocurrency. Passâ€¦,18,None,23,59,0.12,0.4666666666666667
2021-06-12 11:05:48,RAYMOND,Twitter for iPhone,RT @AnimesFeeIings: Gaming in anime ğŸ® https://t.co/b0gaEFrS4Y,1175,None,134,139,0.0,0.0
2021-06-12 11:05:47,hanzo h,Twitter for iPhone,@NikoNiiiNSFW @bluefaceniloc @KamuoHen Youâ€™re an anime kid posting hentai lmao fucking incel,0,None,11,25,0.0,0.9
2021-06-12 11:05:45,ğŸŒºá—°OGá‘Œá–‡á—©â™±Sá—©á—°á—©ğŸŒ™ğŸ”NSFWğŸ”,Twitter Web App,"Resident evil 8Â© Capcom
Sandra/ArtÂ© Me
#Mogurasama #illustration #anime #manga #drawing  #deer  #residentevil8â€¦ https://t.co/Wur5W9wcKb",1,Mogurasama,240,198,-1.0,1.0
2021-06-12 11:05:45,Lesbifriends,Twitter for Android,"RT @DrawingEggen: When AGP boys/men want to turn into pretty anime girls with ""girldicks"" pharma brands listen with ears open wide! It is aâ€¦",40,None,181,226,0.041666666666666664,0.6333333333333333
2021-06-12 11:05:42,LeafyğŸ”,Twitter for iPhone,@JillyBean418 It depends which anime you end up in https://t.co/heioshnsRj,0,None,633,91,0.0,0.0
2021-06-12 11:05:42,Erzy33,Twitter Web App,"Nagatoro san I WEIRD
https://t.co/6HrnC0C1bO
#nagatoro #ijiranaidenagatorosan #donttoywithmemissnagatoro #anime",0,nagatoro,13,37,-0.5,1.0
2021-06-12 11:05:42,kirimahjirou,Twitter for Android,"RT @Izukuuu_shonen: if you see this, reply with an anime that gave you the most feels https://t.co/tVxYQQW381",874,None,69,166,0.5,0.5
2021-06-12 11:05:42,nana | let's be moots,Twitter Web App,"anime, mangas, and genshin is literally the things that's keeping my vacation alive ahhhhhhh and i miss my allowance",0,None,105,278,0.1,0.4
2021-06-12 11:05:41,Shamira Salleh,Twitter for iPhone,RT @thefaizosman: Do you watch anime? you should try loving anime without ani.,1587,None,499,469,0.6,0.95
2021-06-12 11:05:40,the wwesuperfan1 ğŸŒ,Twitter for iPhone,RT @YonkouProd: chainsaw man has the potential to be the greatest anime ever...the fanbase is insane...,994,None,97,315,0.0,1.0
2021-06-12 11:05:39,Toni Orellana,Twitter for Android,RT @hasulitow: @gate_io $SMOON by far. The first anime token is taking small but solid steps towards being more than a cryptocurrency. Passâ€¦,18,None,4,25,0.12,0.4666666666666667
2021-06-12 11:05:38,staines,Twitter for iPhone,"When you argue with a weeb : 
#anime 
#japanesedrama 
#animemes 
#animememe https://t.co/SbnUN9a1lD",0,anime,5,11,0.0,0.0
2021-06-12 11:05:37,ikan puyuhğŸŸğŸ¦,Twitter for Android,RT @JohnnySpittin: Anime/manga fans which pill are you taking? https://t.co/Dz2sCq2q0L,401,None,75,186,0.0,0.0
2021-06-12 11:05:37,Waifuu Rem,IFTTT,"I cosplayed and drew Re:Zero Rem
-
By: dwaring_tart
Link: https://t.co/i1mmtQy4eu
#anime #rem #rezero https://t.co/yhvqtB1kBY",0,anime,409,9,0.0,0.0
2021-06-12 11:05:37,asuka.,Twitter for Android,RT @animfeels: Anime: Your Name https://t.co/xxWhvin7bb,449,None,289,267,0.0,0.0
2021-06-12 11:05:36,Writer-Chanâ˜†â–³â˜†,twittbot.net,"Bby I know what you crave,Anime. #NyaBot",0,NyaBot,51,43,0.0,0.0
2021-06-12 11:05:36,kebabq,Twitter for Android,RT @ItachisEyebags: What's your most rewatched anime? ğŸ¤”,648,None,125,3083,0.5,0.5
2021-06-12 11:05:35,Austin Vaal,Twitter for Android,RT @luulubuu: I really hope they don't forget about this scene in the new castlevania anime https://t.co/gwgCChxaxQ,2617,None,37,407,0.16818181818181818,0.32727272727272727
2021-06-12 11:05:35,Noura,Twitter for iPhone,RT @animeroto: Anime fans felt this one https://t.co/BMnZzOTcJZ,514,None,13,94,0.0,0.0
2021-06-12 11:05:33,â™¯peari,Twitter for iPad,RT @ZoldyckSzn: Cats x AoT anime https://t.co/acfZ9KbPLG,284,None,102,2052,0.0,0.0
2021-06-12 11:05:33,maye. mitsuya day!,Twitter for Android,@madaraskitten yea a lot of ppl are saying it's a good anime haha,0,None,401,377,0.44999999999999996,0.45000000000000007
2021-06-12 11:05:32,Lore ğŸ¹,Twitter for iPhone,"hey im new to #booktwt looking for new friends! some books i love:

-wicked fox
-six of crows
-the raven boys
-aridâ€¦ https://t.co/mT9x8B14oT",1,booktwt,22,160,0.2689393939393939,0.503030303030303
2021-06-12 11:05:32,sa,Twitter for Android,RT @hasulitow: @gate_io $SMOON by far. The first anime token is taking small but solid steps towards being more than a cryptocurrency. Passâ€¦,18,None,15,90,0.12,0.4666666666666667
2021-06-12 11:05:32,polczixx,Twitter for iPhone,RT @AoTJewels: Top 10 anime betrayals https://t.co/vFCF16di3s,1649,None,101,170,0.5,0.5
2021-06-12 11:05:31,deus nao existe e eu sou a prova viva,Twitter Web App,"RT @ChainsawManShot: Chainsaw Man anime PV on June 27th by MAPPA Studio.
15 days are remaining now for the reveal. https://t.co/txIdOmtg9p",109,None,29,162,0.0,0.0
2021-06-12 11:05:30,Aruururu,Twitter for Android,RT @AoTJewels: Top 10 anime betrayals https://t.co/vFCF16di3s,1649,None,32,245,0.5,0.5
2021-06-12 11:05:29,DBZMALL,SocialRabbit Plugin,#anime Only - $ 60.00 ! https://t.co/ZGwUvlJ4gj Canvas HD Printed Poster Artwork Wall Art 5 Panel Anime Bleach https://t.co/iQb2V0Jdo8,1,anime,372,714,0.0,1.0
2021-06-12 11:05:27,Mightillustrator ğŸ¨ğŸ’œ (Nathaniel Kurtzberg-Anciel),Twitter Web App,@AkamiJpn It has been actually announced during the last panel during Anime Japan 2021  that season 4 would air this summer in Japan XD,0,None,3933,782,0.0,0.08333333333333334
2021-06-12 11:05:26,Ö´ğ‘Ã¸ğ± ğŸŸ | #StoneOcean,Twitter for Android,RT @ZoldyckSzn: Cats x AoT anime https://t.co/acfZ9KbPLG,284,None,1000,998,0.0,0.0
2021-06-12 11:05:26,chiku,Twitter for Android,RT @YonkouProd: chainsaw man has the potential to be the greatest anime ever...the fanbase is insane...,994,None,24,28,0.0,1.0
2021-06-12 11:05:23,yaz,Twitter for Android,RT @AoTJewels: Top 10 anime betrayals https://t.co/vFCF16di3s,1649,None,82,59,0.5,0.5
2021-06-12 11:05:23,bella,Twitter for iPhone,RT @ZoldyckSzn: Cats x AoT anime https://t.co/acfZ9KbPLG,284,None,302,791,0.0,0.0
2021-06-12 11:05:23,Saioa,Twitter for Android,RT @hasulitow: @gate_io $SMOON by far. The first anime token is taking small but solid steps towards being more than a cryptocurrency. Passâ€¦,18,None,5,3,0.12,0.4666666666666667
2021-06-12 11:05:22,Tina Foster,Twitter for iPhone,"RT @Anime: Hey, Chuunibyou fans! Today is Rikka Takanashiâ€™s birthday. Like, RT, and Comment to wish her a great one today! ğŸ‚ https://t.co/4â€¦",21,None,263,534,1.0,0.75
2021-06-12 11:05:22,wandering pool cowboy,Twitter for iPhone,"RT @jeralduy: Kudos to BASE Entertainment for making the Philippine flag a cityscape background art in #TreseOnNetflix anime 
#Trese #TabiTâ€¦",174,TreseOnNetflix,215,226,-0.8,1.0
2021-06-12 11:05:21,NeochenjeleÂ® |Artsbyneo,Twitter for Android,"Here are more of my works.
I make Arts and design.
You can contact me for business.

Kindly help me like tag and reâ€¦ https://t.co/hcjUw3o3ov",1,None,3,3,0.55,0.7
2021-06-12 11:05:19,Nick â€¡ Future Ayaka haver â€¡ 47/66 â„ï¸,Twitter for Android,RT @yutaokkostu: congrats to attack on titan for being the only anime to have armin arlert and annie leonhardt https://t.co/f74glW4Lrc,188,None,39,340,0.0,1.0
2021-06-12 11:05:14,d0rmunt,Twitter for iPhone,RT @hasulitow: @gate_io $SMOON by far. The first anime token is taking small but solid steps towards being more than a cryptocurrency. Passâ€¦,18,None,14,27,0.12,0.4666666666666667
2021-06-12 11:05:12,krampus respekter,Twitter for Android,"@destroyer_anime dude they just hunted and slept all day while the women tended the crops and raised the kids

literal utopia",0,None,146,209,0.0,0.0
2021-06-12 11:05:11,yara,Twitter for Android,"RT @bblnct_: Hendery

Anime anime anime anime 

Recommend to me quickly ğŸ¤©ğŸ¤©ğŸ¤©

asap",136,None,770,861,0.3333333333333333,0.5
2021-06-12 11:05:11,Ö´ğ‘Ã¸ğ± ğŸŸ | #StoneOcean,Twitter for Android,RT @JinkxyHui: Sarada and sakuraâ€™s relationship is so beautiful. I think it deserves to be mention more in anime/manga. I also think we didâ€¦,36,None,1000,998,0.675,0.75
2021-06-12 11:05:11,CritpoBobo,Twitter for iPhone,RT @hasulitow: @gate_io $SMOON by far. The first anime token is taking small but solid steps towards being more than a cryptocurrency. Passâ€¦,18,None,9,36,0.12,0.4666666666666667
2021-06-12 11:05:10,Abe Nana,twittbot.net,"Vocals: OK! Acting: also OK!
Usamin, Usamin, scopolamine
One day I'll become an anime protagonist",0,None,286,9,0.4166666666666667,0.3333333333333333
2021-06-12 11:05:08,mary,Twitter for iPhone,@3N1teuffee_ anime that i can't forget the pain :(,0,None,1075,939,-0.75,1.0
2021-06-12 11:05:08,MoonğŸ˜˜,Twitter for Android,"RT @aegstudiovo: ğŸ’« YOUR NAME BLU-RAY GIVEAWAY!

How to Enter:
â¤ï¸ Like this post
ğŸ” Retweet this post
ğŸ‘¤ Follow the @aegstudiovo page
 
#YourNâ€¦",13,None,15,108,0.0,0.0
2021-06-12 11:05:08,politica anime,Twitter Web App,"#politicaanime  
#jogo  Genshin Impact https://t.co/aFRGQSQYTx",0,politicaanime,41,46,0.0,0.0
2021-06-12 11:05:08,Jasmine âœ¨,Twitter for iPhone,"RT @wvlfgng03: Uy! I'm wvlfgang and I'm into animÃ© and games! 

fangirling 24/7 â¤ï¸

#FilipinoCreators https://t.co/jlmSc3jSra",3,FilipinoCreators,301,1446,0.0,0.0
2021-06-12 11:05:07,syir.,Twitter for Android,RT @AnimeContexts: Anime girls have 2 moods: https://t.co/eWXGksGxrZ,4344,None,338,188,0.0,0.0
2021-06-12 11:05:04,ï¸ ï¸honest ronaldo fan ğŸ‡µğŸ‡¹,Twitter for Android,@ScarrTheGamer @KJFuller74 @Wh0re4Kaneki @alphaINTEL Why you even here ur an anime fan boy,0,None,29,141,0.0,0.0
2021-06-12 11:05:00,lei,Twitter for Android,something about anime boiz with fangs just makes me go ghskashhah2hskaga liek yes cmere suck my blood ğŸ’€ğŸ˜­,0,None,752,645,0.0,0.0
2021-06-12 11:05:00,mi,everyanimegirlwentto,Every Anime Girl went to Washburn University,0,None,41,0,0.0,0.0
2021-06-12 11:04:59,lucky_simona,Twitter for Android,"RT @noranikoletta: Anime Nihachu for yall ğŸ˜š She might be sweet but she could destroy you with her Thiccaxe, amen. (I'm not a simp I swear)â€¦",2693,None,11,421,0.07499999999999998,0.325
2021-06-12 11:04:59,La sol,Twitter for iPhone,"RT @machtwotoaster: It's June, so here I come with a big recommendation list of manga and anime either by LGBTQ+ authors or about LGBTQ+ thâ€¦",1952,None,17,386,0.0,0.1
2021-06-12 11:04:58,à·†ğšŠğš’ğš’â™¡áµ–áµ‰Ê³áµ—á‘‹áµ–áµ–áµ‰â”€âœ©ï½¥ï¾Ÿâ‹†ï½¡,Twitter for iPhone,"RT @Anime: That's what I call a face-off.

[Jujutsu Kaisen] https://t.co/NTgjFrp3Dq",247,None,233,166,0.0,0.0
2021-06-12 11:04:57,Tebiki Movie Vocab,twittbot.net,"Become a master of Japanese with Tebiki #Vocabulary Lists! Movies, Drama &amp; Anime Vocab! https://t.co/H5M5WwOSUK",0,Vocabulary,688,82,0.0,0.0
2021-06-12 11:04:56,ã„¥å‚å±± ğŸ‡µğŸ‡¸,Twitter for Android,RT @AnimesFeeIings: Gaming in anime ğŸ® https://t.co/b0gaEFrS4Y,1175,None,149,240,0.0,0.0
2021-06-12 11:04:54,Thomas,Twitter for Android,"RT @MontyHedgehog: #ãƒ†ã‚¤ãƒ«ã‚¹ #ã‚½ãƒ‹ãƒƒã‚¯ã‚¶ãƒ˜ãƒƒã‚¸ãƒ›ãƒƒã‚° #sonicthehedgehog #tails
Comission
I can't copy anime's backgrounds, but I made it as similar as I caâ€¦",1,ãƒ†ã‚¤ãƒ«ã‚¹,713,1278,0.0,0.4
2021-06-12 11:04:52,Geeky Texan,Twitter for Android,"RT @IGN: From Cowboy Bebop to Full Metal Alchemist, these are our picks for the top 25 anime of all time: https://t.co/PIT1tFz03A https://tâ€¦",73,None,35,452,0.425,0.525
2021-06-12 11:04:52,NathanğŸ‡¬ğŸ‡§ @ AQUA TEEN MOVIE & AQUADONK HYPE,Twitter for iPad,@TomAndBenNews1 anime https://t.co/deJdQ6eOc2,0,None,847,839,0.0,0.0
2021-06-12 11:04:51,Ñ‚Ğ²Ğ¾Ğ¹ Ğ·Ğ°Ğ²ÑĞ´ÑˆĞ¸Ğ¹ ĞºÑƒÑÑ‚ ÑĞ¸Ñ€ĞµĞ½Ğ¸,Twitter for Android,RT @TheWhiteJinko: I feel like it's my mission to spread love for dazatsu to make people realise how good they are. Then I can use dazatsuâ€¦,11,None,17,61,0.6,0.6000000000000001
2021-06-12 11:04:48,hans | aruani victory seccs,Twitter for Android,early-late 2000s anime ops/eds still superior https://t.co/KFIR3qN2Ir,0,None,1126,132,0.7,0.9
2021-06-12 11:04:48,Niklas,Twitter for iPhone,@8pmmz @Mzrtalz It means ur obsessed with anime and u Are obsessed so therefor ur a weeb,0,None,217,81,-0.5,1.0
2021-06-12 11:04:44,thimo meyer,Twitter Web App,@sakyumiru_DX i love bleach canÂ´t wait for the continue of the Anime,0,None,132,2573,0.5,0.6
2021-06-12 11:04:43,dahlia â™¡,Twitter for Android,@fuckingojo I still do think it's a good anime and I love it a lot ğŸ™ˆğŸ˜‚,0,None,130,215,0.6,0.6000000000000001
2021-06-12 11:04:40,Adam,Twitter for Android,RT @TheOnePieceEra: Anime : One Piece https://t.co/RdN8a8bFSq,2690,None,41,136,0.0,0.0
2021-06-12 11:04:39,CEO of Business ğŸ’°,Twitter for Android,"@SaijksOG @1800_WAIFU it's just ""anime girl getting sliced by laser""",0,None,144,413,0.0,0.0
2021-06-12 11:04:38,Â° â‚’ ğ“‚‚ ËšË–â‹†ğ“¢ğ“±ğ“»ğ“®ğ”‚ğ“ªËšâº â™¡Â° â‚’ ğ“‚‚ ËšË–â‹†ê©œ,Twitter for Android,is it weird of me that i watch anime not on crunchyroll but on kissanime website free?,0,None,1,6,-0.04999999999999999,0.9
2021-06-12 11:04:38,RE:AnimeTron,BotXtreme,"RT @G53387141: Rockstar Games News 

#game #gamer #gaming #games #ps #playstation #videogames #xbox #gamers #memes #pubg #videogame #pc #foâ€¦",4,game,5908,1,-0.4,0.4
2021-06-12 11:04:34,rita â˜½ï¸â˜¾ï¸,Twitter for Android,RT @AoTJewels: Top 10 anime betrayals https://t.co/vFCF16di3s,1649,None,137,353,0.5,0.5
2021-06-12 11:04:34,Stamina âš”ï¸,Twitter for iPhone,"RT @RH_IXOff: ğŸ¥ - THREAD - ğŸ¥ (Partie I)

LES COMBATS DANS Lâ€™ANIME BORUTO : NARUTO NEXT GENERATIONS https://t.co/ZEA8JUVgo1",3,None,482,580,0.0,0.0
2021-06-12 11:04:34,Jango ğŸŒ¤,Twitter for iPhone,RT @luulubuu: I really hope they don't forget about this scene in the new castlevania anime https://t.co/gwgCChxaxQ,2617,None,246,2263,0.16818181818181818,0.32727272727272727
2021-06-12 11:04:33,ThunderHawkeCosplay ğŸ—¡ğŸ’œğŸ¹,Twitter for Android,"RT @nerdist: The Witcher, but make it an anime. 
https://t.co/5T4QKoIQFI https://t.co/OTJ0jBDQgx",52,None,276,211,0.0,0.0
2021-06-12 11:04:31,stikzshop,Twitter for Android,"RT @stikzshop: Shop my sale: 30% off. https://t.co/4QFsa9yavi

@SmallStreamersR @rtsmallstreams @SmallStreamersC @Etsy @stream_caster @rekoâ€¦",5,None,28,67,0.0,0.0
2021-06-12 11:04:30,@ intergrade SPOILERS â—,Twitter for Android,"RT @Anime: That's what I call a face-off.

[Jujutsu Kaisen] https://t.co/NTgjFrp3Dq",247,None,1013,566,0.0,0.0
2021-06-12 11:04:30,shounenlion,Twitter Web App,what is your favourite anime?,0,None,0,1,0.0,0.0
2021-06-12 11:04:29,Darling,Twitter for Android,"RT @animecorner_ac: Happy Birthday to the princess of the Liones Kingdom, as well as current reincarnation of the Goddess of the same name,â€¦",14,None,69,358,0.26666666666666666,0.5083333333333333
2021-06-12 11:04:28,nishiki. looking for moots !,Twitter for Android,"RT @aokasei: hi kinda new to #anitwt and i'm looking for moots, esp filo :)

anime i'm stuck with:
â€” hq, jjk, knb, sk8, hxh, kny
â€” devilmanâ€¦",3,anitwt,31,33,0.3181818181818182,0.7272727272727273
2021-06-12 11:04:28,james,Twitter for iPhone,RT @hasulitow: @gate_io $SMOON by far. The first anime token is taking small but solid steps towards being more than a cryptocurrency. Passâ€¦,18,None,42,55,0.12,0.4666666666666667
2021-06-12 11:04:24,â€”,Twitter for Android,RT @YonkouProd: chainsaw man has the potential to be the greatest anime ever...the fanbase is insane...,994,None,2,20,0.0,1.0
2021-06-12 11:04:23,CÃ©sar,Twitter Web App,"@FalseShepherd13 not really i just stay clear of anime that have this level of loli ""fanservice"" and gags i wantedâ€¦ https://t.co/9xNAphURMf",0,None,1309,740,6.938893903907228e-18,0.29166666666666663
2021-06-12 11:04:23,:(,Twitter for Android,RT @AnimesFeeIings: Gaming in anime ğŸ® https://t.co/b0gaEFrS4Y,1175,None,14085,8474,0.0,0.0
2021-06-12 11:04:22,Rubber Duck Shobe,Twitter for Android,@Marshalofthelaw what is your opinion on anime girls,0,None,215,523,0.0,0.0
2021-06-12 11:04:21,Wendel J,Twitter for Android,RT @ellensuTV: Titmouse is looking for an animation director to direct a special short project for us in classic anime style! Think Goldenâ€¦,199,None,307,57,0.19309523809523813,0.38761904761904764
2021-06-12 11:04:20,qan,Twitter for Android,RT @ianizboring: One Piece's anime has top tier VA performances,167,None,166,196,0.5,0.5
2021-06-12 11:04:19,ğ”£ğ”ğ”¨ğ”¥ğ”¯ğ”²ğ”©,Twitter for iPhone,"RT @Izukuuu_shonen: if you see this, reply with an anime that gave you the most feels https://t.co/tVxYQQW381",874,None,129,134,0.5,0.5
2021-06-12 11:04:16,remem,Twitter for iPhone,"Kdrama, anime and drawings fanart is my escapism from my own fear and negative thoughts.",0,None,0,19,0.15,0.7
2021-06-12 11:04:15,Kata Anime,twittbot.net,"30. â€œI used to cry and give up,, I nearly went to the wrong way but you.. you always show me the right way. I alwayâ€¦ https://t.co/a2ljllAiX7",0,None,5857,2,-0.038095238095238106,0.611904761904762
2021-06-12 11:04:14,syasya,Twitter for iPhone,RT @thefaizosman: Do you watch anime? you should try loving anime without ani.,1587,None,240,319,0.6,0.95
2021-06-12 11:04:14,cha,Twitter for Android,"RT @yukikun216: Title: TOKYO REVENGERS
Character: SHUJI HANMA

ANIME:                   LIVE ACTION: https://t.co/OLCkfuzbGj",81,None,154,197,0.11818181818181818,0.3
2021-06-12 11:04:13,seed ğŸ¾ ğŸŒ¸,Twitter for iPhone,"@sirensslut Hello there!! ğŸ˜Š
My commissions are open. I mostly do anime/chibi style works. Lmk if youâ€™re interested âœ¨ https://t.co/CIPidOuvUn",0,None,508,846,0.25,0.5
2021-06-12 11:04:11,The IRL Kozuki Oden,Twitter for Android,@Rakugoat Nah fr this is so dumb lmao. There is no way anyone should be this pressed over other people's opinions on horny anime art ğŸ˜­,0,None,420,240,0.033333333333333326,0.625
2021-06-12 11:04:10,Archtitectoby ğŸºSerpico Simp Nr. 1,Twitter for Android,RT @luulubuu: I really hope they don't forget about this scene in the new castlevania anime https://t.co/gwgCChxaxQ,2617,None,80,328,0.16818181818181818,0.32727272727272727
2021-06-12 11:04:10,Organic Superlube,Twitter Web App,RT @luulubuu: I really hope they don't forget about this scene in the new castlevania anime https://t.co/gwgCChxaxQ,2617,None,230,323,0.16818181818181818,0.32727272727272727
2021-06-12 11:04:10,Ghosty,Twitter for iPhone,RT @ponettplus: we're up to two cartoon network characters who have done the sonic adventure pose https://t.co/Jaz1A9u2KT,850,None,79,268,0.0,0.0
2021-06-12 11:04:07,Joni,Twitter for Android,"RT @FenriskArt: The amazing background art of #Trese ang sobrang ganda ng details nya, I'm so happy we got an anime about my birth country!â€¦",10,Trese,166,503,0.8,0.95
2021-06-12 11:04:06,daily anime aesthetics,Twitter for iPhone,follow me for more anime contents âœ¨,0,None,5180,0,0.5,0.5
2021-06-12 11:04:04,å kira - semi ia,Twitter for iPhone,RT @AoTJewels: Top 10 anime betrayals https://t.co/vFCF16di3s,1649,None,1027,1006,0.5,0.5
2021-06-12 11:04:03,hello luvâ™¡,Twitter for Android,RT @AnimesFeeIings: Gaming in anime ğŸ® https://t.co/b0gaEFrS4Y,1176,None,273,487,0.0,0.0
2021-06-12 11:04:03,Yan_Yan,Twitter for iPhone,RT @incorrectbfish: Anime AshEiji vs Stage play AshEiji ğŸ’–ğŸ¤© #BANANAFISH https://t.co/Fi5a8pESGe,343,BANANAFISH,2,15,0.0,0.0
2021-06-12 11:04:02,Home of Anime,Twitter Web App,Loving Ijiranaide Nagatoro. https://t.co/oXcIdgWtDg,0,None,6,35,0.6,0.95
2021-06-12 11:04:02,rfwxz___,Twitter for Android,"RT @AnimeContexts: Watching anime         Watching anime
when I was 6               now https://t.co/1aZMWjlte9",6493,None,103,373,0.0,0.0
2021-06-12 11:04:01,ning â˜†å½¡,Twitter for iPhone,@elicopter__ pls ive already been spoiled.... i think.... before i even watched the anime..... ğŸ˜ i shall eradicateâ€¦ https://t.co/jL29yilVVR,0,None,111,88,0.0,0.0
2021-06-12 11:04:00,stikzshop,Twitter for Android,"Shop my sale: 30% off. https://t.co/4QFsa9yavi

@SmallStreamersR @rtsmallstreams @SmallStreamersC @Etsyâ€¦ https://t.co/Z0mdDYv7as",5,None,28,67,0.0,0.0
2021-06-12 11:04:00,NabongsğŸ¹,Twitter for Android,"RT @Anime: I will protect you.

[Madoka Magica] https://t.co/kaj85LrAhE",44,None,62,120,0.0,0.0
2021-06-12 11:03:57,max,Twitter for Android,"RT @carazure: canon anime fugo vs the way i draw fugo....
#jjba https://t.co/3kyhKNFcFr",385,jjba,498,732,0.0,0.0
2021-06-12 11:03:56,Shirouchiha6 ğŸ‡®ğŸ‡³,Twitter for Android,"RT @Anime: Hey, Chuunibyou fans! Today is Rikka Takanashiâ€™s birthday. Like, RT, and Comment to wish her a great one today! ğŸ‚ https://t.co/4â€¦",21,None,194,430,1.0,0.75
2021-06-12 11:03:54,tish not trish,Twitter for Android,"RT @AnimeContexts: Watching anime         Watching anime
when I was 6               now https://t.co/1aZMWjlte9",6493,None,329,184,0.0,0.0
2021-06-12 11:03:53,Namiko,Twitter for iPhone,RT @TheOnePieceEra: Anime : One Piece https://t.co/RdN8a8bFSq,2690,None,56,661,0.0,0.0
2021-06-12 11:03:52,sean,Twitter for Android,RT @GameSpot: BREAKING: Netflix announces a new Castlevania series that will follow Richter Belmont and Maria Renard! https://t.co/Om8GYHpEâ€¦,363,None,113,873,0.17045454545454544,0.45454545454545453
2021-06-12 11:03:52,Back2Back4Ã—ğŸ‘†ğŸ‡¿ğŸ‡¦,Twitter for Android,@__greyyyy The evil emperor lord freiza from the dragonball z anime,0,None,477,1258,-1.0,1.0
2021-06-12 11:03:51,b2j135-#BlackLivesMatter #StopAsianHate,Twitter Web App,RT @childishgamzeno: Why am I seeing so much Bleach slander on my TL????? Yâ€™all think Bleach wasnâ€™t influential????? One of the best OP runâ€¦,188,None,375,571,0.6,0.25
2021-06-12 11:03:50,à¸«à¸¡à¹ˆà¸²à¸¡à¹Šà¸²à¸™à¹‰à¸­à¸‡à¹à¸ˆà¸®à¸§à¸²à¸™â¤ğŸƒ,Twitter for Android,"RT @Jingbellbuddy: My Angel ğŸ‘¼ğŸ» 
************

#ê¹€ì¬í™˜ #KIMJAEHWAN https://t.co/Jnlju7gqwI",21,ê¹€ì¬í™˜,138,639,0.0,0.0
2021-06-12 11:03:49,Almightyglo_1017,Twitter for Android,"RT @Anime: Hey, Chuunibyou fans! Today is Rikka Takanashiâ€™s birthday. Like, RT, and Comment to wish her a great one today! ğŸ‚ https://t.co/4â€¦",21,None,1191,4701,1.0,0.75
2021-06-12 11:03:49,Lisez Boruto ğŸ‡®ğŸ‡©,Twitter for iPhone,"ğŸ¥ - THREAD - ğŸ¥ (Partie I)

LES COMBATS DANS Lâ€™ANIME BORUTO : NARUTO NEXT GENERATIONS https://t.co/ZEA8JUVgo1",3,None,301,276,0.0,0.0
2021-06-12 11:03:49,â€Ù‹,Twitter for Android,RT @shonenvibezz: if you could bring one anime character to the real world who would it be? https://t.co/v8jSIkSTHB,11,None,1258,42,0.2,0.30000000000000004
2021-06-12 11:03:48,Sophie Sloane,Twitter Web App,Poor Todoroki looks so uncomfortable ğŸ¤£ğŸ‘Œ also a nice comparison from Manga to Anime. https://t.co/wlhCUR1PUP,0,None,718,141,-0.10000000000000002,0.8666666666666667
2021-06-12 11:03:47,â˜†,Twitter for iPhone,RT @AnimeContexts: The Demon Slayer anime looks a little differentâ€¦ https://t.co/ZXizGkxqFh,12950,None,445,661,-0.09375,0.55
2021-06-12 11:03:47,à¸¡à¸²à¸”à¸²à¸¡à¹€à¸§à¸­à¸£à¹Œà¸™à¸­à¸™ |||,Twitter for Android,"RT @eunivrz: 5. asian culture being stolen in mass media
stop using asian names as an online atlas if youre not asian. stop sexualizing traâ€¦",340,None,441,199,0.0,0.0
2021-06-12 11:03:45,Rimorr,Twitter for Android,RT @animeroto: Anime fans felt this one https://t.co/BMnZzOTcJZ,514,None,32,47,0.0,0.0
2021-06-12 11:03:44,taru,Twitter for iPhone,which anime should i watch next?,0,None,47,84,0.0,0.0
2021-06-12 11:03:44,mikey,Twitter Web App,@Remmborn not exactly leaked but tr does have an event 2 months after the anime ends,0,None,393,400,-0.125,0.25
2021-06-12 11:03:43,The Working Otaku,Twitter Web App,"Waking up early on your day off ğŸ˜  but, in a quiet house ğŸ¤” everyone's still asleep ğŸ˜´ you get to enjoy a cup of â˜• whâ€¦ https://t.co/bQEuazPGqp",1,None,0,0,0.16666666666666666,0.37777777777777777
2021-06-12 11:03:43,DVSC,Twitter for Android,"Been watching a lot of OnePiece recently, Im on ep 511 rn and proud to say that it's my favorite anime I've seen soâ€¦ https://t.co/NM7TYWPQpE",0,None,126,207,0.43333333333333335,0.75
2021-06-12 11:03:42,Wave,Twitter for iPhone,"I had a dream literally everyone in the world simultaneously died and the only people that lived were me, the Frencâ€¦ https://t.co/e6ucRNVxtn",0,None,158,389,0.0,1.0
2021-06-12 11:03:39,Gee.,Twitter for Android,RT @TheOnePieceEra: One Piece x Other Anime https://t.co/HY9qDux7jG,686,None,656,3812,-0.125,0.375
2021-06-12 11:03:38,Jack Anime Titty Enthusiast,Twitter for Android,@VTuberCringe Pretty it's the woke weirdos who are against anime that are the offenders more often than not,0,None,29,190,0.375,0.75
2021-06-12 11:03:37,cazzu,Twitter for Android,@NichoSamuraix @Crunchyroll Just trolling lol jjk my fav anime,0,None,33,388,0.8,0.7
2021-06-12 11:03:36,CamğŸª‘,Twitter for iPhone,"I am now an anime boy pfp haver, thank you. https://t.co/geGTQLONPS",0,None,3655,629,0.0,0.0
2021-06-12 11:03:35,ã¿ã‚„ã³,Twitter Web App,"RT @kuzia_y: ğŸ’™ğŸ’™ğŸ’™HappyBirthdayğŸ’™ğŸ’™ğŸ’™
#éˆ´æœ¨ç¾ç²ç”Ÿèª•ç¥­2021 
#anime_eupho https://t.co/iDieQxgnHI",56,éˆ´æœ¨ç¾ç²ç”Ÿèª•ç¥­2021,504,294,0.0,0.0
2021-06-12 11:03:35,NarNal,Twitter for iPhone,RT @aniiimess: Anime: Hunter x Hunter https://t.co/n2ULkpLjHh,1866,None,121,50,0.0,0.0
2021-06-12 11:03:34,bobafett,Twitter Web App,"@ShadowNight1208 Yo , that's my favoruite anime ending",0,None,2,28,0.0,0.0
2021-06-12 11:03:33,juno ğŸ‘‘,Twitter for iPad,"RT @jeralduy: Kudos to BASE Entertainment for making the Philippine flag a cityscape background art in #TreseOnNetflix anime 
#Trese #TabiTâ€¦",174,TreseOnNetflix,1751,329,-0.8,1.0
2021-06-12 11:03:32,Behram,Twitter for Android,Should I make an anime trailer part 2? And suggest me some animes too,0,None,163,621,0.0,0.0
2021-06-12 11:03:32,Mahdioui,Twitter for iPhone,RT @TheOnePieceEra: Anime : One Piece https://t.co/RdN8a8bFSq,2690,None,467,757,0.0,0.0
2021-06-12 11:03:30,tin,Twitter for iPhone,RT @AoTJewels: Top 10 anime betrayals https://t.co/vFCF16di3s,1649,None,13,190,0.5,0.5
2021-06-12 11:03:28,humbledog,Twitter for iPhone,@evilnaufal no gay anime,0,None,404,461,-0.20833333333333334,0.5833333333333334
2021-06-12 11:03:25,MET,Twitter for iPhone,RT @hasulitow: @gate_io $SMOON by far. The first anime token is taking small but solid steps towards being more than a cryptocurrency. Passâ€¦,18,None,15,118,0.12,0.4666666666666667
2021-06-12 11:03:24,Malky (watch rwby),Twitter for iPhone,RT @LittleLady_V: Bait but like hereâ€™s two pics of me over the last year in anime Ts anyway https://t.co/Vajq4SXeiR,6,None,749,3100,0.0,0.06666666666666667
2021-06-12 11:03:18,ğ•–$ğ•¥ğ•™ğ•–ğ•£ ğŸ™,Twitter for Android,"RT @alyssaarteu: What's up everyone Im Alyssa, part of #FilipinoCreators artists here in twitter! I love making character artworks in animeâ€¦",3,FilipinoCreators,1911,1852,0.5,0.6
2021-06-12 11:03:17,ğŸ¨ï¼»17'S Â²â¶cheerÂ¹â°Â¹Â¹â°â°;ï¼½,Twitter for iPhone,"RT @neofldrs: [HENDERY] ğŸ’­ğŸ¦„

12062021
5:54-5:59 PM KST 

(ä¸­) â€œAnime anime anime animeâ€

(ä¸­) â€œQuickly recommend to me ğŸ¤©ğŸ¤©ğŸ¤©â€

(ENG) â€œasapâ€

â€œğŸ‘Œâ€â€¦",12,None,123,871,-0.20833333333333334,0.75
2021-06-12 11:03:17,TRESE_SIMP,Twitter for Android,Why are people cropping out Trese for the Hot twins and making fun of her using shamefull edits?? Like wtf?? In allâ€¦ https://t.co/UOJQzpjYDY,0,None,83,96,0.01666666666666668,0.6833333333333332
2021-06-12 11:03:15,âšœğğ”ğ‘ğğ‹ğ„_ğğğ˜:6v6â€ âšœ,Twitter for iPhone,"RT @midnightsukki: ash teaching eiji how to hold and shoot a gun in anime and stage ğŸ˜­ğŸ’–

#BANANAFISH https://t.co/2uAlRU9oIh",176,BANANAFISH,826,288,0.0,0.0
2021-06-12 11:03:14,Gregorii WenzII,Twitter for Android,"RT @EvoluzionePub: Titanium: Blade gives you everything you want in a series; #aliens, #kaiju, #mechs and great art.  You only read this inâ€¦",13,aliens,36,153,0.4,0.875
2021-06-12 11:03:14,TheElectroOutlaw - ğŸ¶ Your Time Has Come âŒšğŸ¶,Twitter for Android,"RT @IGN: Ubisoft and Netflix announced Captain Laserhawk: A Blood Dragon Remix from Adi Shankar with a six-episode order, as well as anotheâ€¦",16,None,21,178,0.0,0.0
2021-06-12 11:03:14,Caitlyn Giang,Twitter for iPhone,@leonline08 Was one of the first anime I was introduced to and has remained my favourite ever since!!! https://t.co/ZMrrGSTpNg,0,None,33,297,0.48828125,0.3333333333333333
2021-06-12 11:03:13,â˜… Matthew Riley âˆ ğŸ˜ŠğŸ’—ğŸ¨ğŸ¹ğŸ’œ,Twitter for iPhone,@AudreySnappy05 Anime ğŸ™‚,0,None,1455,2178,0.0,0.0
2021-06-12 11:03:10,Wil CÃ¸Ã¸l ScÃ¸Ã¸ter ğŸ³ï¸â€ğŸŒˆ,Twitter for Android,"@JordanSanchezCA you're somewhat correct, but there's also a ton of progressive and promiscuous themes somewhere inâ€¦ https://t.co/oXbDGBfTAi",0,None,273,1171,0.0,0.0
2021-06-12 11:03:10,k3vin,Twitter for Android,@Jagjeetsingh__ @Hone_honeHONE @ackercum @BobTemple7 @klesyeager1 @Kyle52909497 Need this as a story board for the actual anime,0,None,63,79,0.0,0.1
2021-06-12 11:03:08,Givrix | Boulouf-Kun Fan Account,TweetDeck,@Hdk51200 @Razento_Joestar TE anime enjoyer,0,None,347,92,0.0,0.0
2021-06-12 11:03:05,Diaz,Twitter for iPhone,"RT @abouthendery: 210612 - ğŸ§¼ 

â€œanime anime anime animeâ€
â€œgive me a quick recommendationğŸ¤©ğŸ¤©ğŸ¤©â€
â€œasapâ€
â€œğŸ‘Œâ€
â€œ bye ğŸ‘‹â€ https://t.co/H3TzSUeUGW",36,None,234,311,0.3333333333333333,0.5
2021-06-12 11:03:03,ğŸ¤Aomi Uchiyama VAğŸ¤,Twitter for iPhone,@VTuberCringe I apologized for not having done the research on her and have since moved to clean my profile up to râ€¦ https://t.co/hz6U3QGPFW,0,None,1026,404,0.3666666666666667,0.7000000000000001
2021-06-12 11:03:02,ãŸã¾ã”,Twitter for Android,RT @sofiakkuma: congratulations on 100 episodes of the anime !!! ğŸ‰ğŸ‰ğŸ‰ #MyHeroAcademia #BNHA #Deku https://t.co/2sL6ewOfOu,94,MyHeroAcademia,93,88,0.0,0.0
2021-06-12 11:02:59,Rian,Twitter for Android,RT @AnimesFeeIings: Gaming in anime ğŸ® https://t.co/b0gaEFrS4Y,1176,None,236,250,0.0,0.0
2021-06-12 11:02:59,mei Î¨ | pride month !! ğŸ³ï¸â€ğŸŒˆ,Twitter for Android,RT @yutaokkostu: congrats to attack on titan for being the only anime to have armin arlert and annie leonhardt https://t.co/f74glW4Lrc,189,None,832,957,0.0,1.0
2021-06-12 11:02:58,fly high ğŸŒ¸,Twitter for Android,RT @symononymous02: The anime was great on its own but the manga was waaaaaaaayyyy better! Rio x Yuna all the way!,1,None,546,1127,0.7270833333333333,0.75
2021-06-12 11:02:56,Malven,Twitter for Android,@ryuinjoryu I like him now hes cool tho the first two eps of the anime are stillğŸ¤£,0,None,3383,1000,0.3,0.4916666666666667
2021-06-12 11:02:55,Dominajuegos,Twitter Web App,RT @hasulitow: @gate_io $SMOON by far. The first anime token is taking small but solid steps towards being more than a cryptocurrency. Passâ€¦,18,None,5,5,0.12,0.4666666666666667
2021-06-12 11:02:55,Gamer's Nation,Twitter Web App,"RT @IGN: Ubisoft and Netflix announced Captain Laserhawk: A Blood Dragon Remix from Adi Shankar with a six-episode order, as well as anotheâ€¦",16,None,0,39,0.0,0.0
2021-06-12 11:02:54,La maison de la SorciÃ¨re,Twitter for Android,"#anime #japan #animation #kon #animegirl 

Paprika              or         Perfect Blue? https://t.co/pKRidQg3qm",1,anime,34,0,0.5,0.55
2021-06-12 11:02:53,k. a,Twitter for Android,RT @VisuaIAnimes: Anime : The Promised Neverland https://t.co/bsRc9JxMNQ,1063,None,61,55,0.0,0.0
2021-06-12 11:02:52,ann(go),Twitter for Android,"RT @LittleGusu: FINALLY ğŸ¤§ğŸ¤§ğŸ¤§ğŸ¤§ğŸ¤§ğŸ¤§
Nikolai Gogol from Decay of Angels (Bungo Stray Dogs). Dedicated for all his -online- wives and BSD fans ğŸ’
Wâ€¦",34,None,241,330,0.0,1.0
2021-06-12 11:02:50,aarnavojha,Twitter for Android,why are anime intros so long,0,None,51,253,-0.05,0.4
2021-06-12 11:02:50,Sasikanth,Twitter Web App,"Lupin part 2 is awesome, and that Fiat 500 Lupin and team uses is a nice little touch from the anime ğŸ‘ŒğŸ¾",0,None,782,554,0.4708333333333334,0.8333333333333334
2021-06-12 11:02:50,Darko,Twitter for Android,"@TomBilyeu @JohnnySpittin Tom, did you get around to read Berserk? If not then that's something you should do, espeâ€¦ https://t.co/YL9LGz628v",0,None,44,279,0.0,0.0
2021-06-12 11:02:49,robin ğŸ™ #Lovehyunjin,Twitter for iPhone,"RT @bblnct_: Hendery

Anime anime anime anime 

Recommend to me quickly ğŸ¤©ğŸ¤©ğŸ¤©

asap",136,None,1193,1447,0.3333333333333333,0.5
2021-06-12 11:02:46,Nico,Twitter for iPhone,"RT @IGN: Ubisoft and Netflix announced Captain Laserhawk: A Blood Dragon Remix from Adi Shankar with a six-episode order, as well as anotheâ€¦",16,None,201,530,0.0,0.0
2021-06-12 11:02:46,RE:AnimeTron,BotXtreme,"RT @CCAnime3: Final #Anime Verdict: D4DJ - First Mix

This show didn't feel like a waste of time, which is a massive W considering the lowâ€¦",1,Anime,5908,1,0.009999999999999998,0.5266666666666666
2021-06-12 11:02:45,Kristian Forest Gump,Twitter for Android,"Anyway, i don't think i can continue the thread because i either don't have the other books with me or the storiesâ€¦ https://t.co/hdwEAGQQoE",0,None,257,225,-0.125,0.375
2021-06-12 11:02:45,Jesusjimenezdelgado,Twitter for iPhone,RT @hasulitow: @gate_io $SMOON by far. The first anime token is taking small but solid steps towards being more than a cryptocurrency. Passâ€¦,18,None,5,11,0.12,0.4666666666666667
2021-06-12 11:02:43,å¥½nomi ã€Œã‚ã‚ŠãŒã¨ã†ã€,Twitter for Android,Another day without anime Roland Fortis update https://t.co/JWat0tQTM1,0,None,6351,538,0.0,0.0
2021-06-12 11:02:40,ğ“Šğ“ƒâ„¯,Twitter for iPad,RT @AoTJewels: Top 10 anime betrayals https://t.co/vFCF16di3s,1649,None,46,520,0.5,0.5
2021-06-12 11:02:40,kayla,Twitter for Android,"RT @bblnct_: Hendery

Anime anime anime anime 

Recommend to me quickly ğŸ¤©ğŸ¤©ğŸ¤©

asap",136,None,535,612,0.3333333333333333,0.5
2021-06-12 11:02:36,sultan,Twitter for iPhone,Naruto is more than just an anime,0,None,60,47,0.5,0.5
2021-06-12 11:02:34,NJğŸ‡µğŸ‡¸,Twitter for Android,RT @StiIlSufferingg: Need an anime and football only acc so RT to find mutuals https://t.co/vuQez87xF3,21,None,216,237,0.0,1.0
2021-06-12 11:02:34,Mar Saotomeâ™ ï¸,Twitter for Android,RT @AnimesFeeIings: Gaming in anime ğŸ® https://t.co/b0gaEFrS4Y,1176,None,53,171,0.0,0.0
2021-06-12 11:02:32,â™ ï¸â™¥ï¸itsreddqueenğŸ†–â™£ï¸â™¦ï¸,Twitter Web App,"RT @lanadoodles: people keep sending me screenshots of this obscure old anime after i posted those previous screencaps, apparently it's calâ€¦",1,None,90,510,-0.00555555555555555,0.2388888888888889
2021-06-12 11:02:32,ğŸ™â·,Twitter for iPhone,RT @ZoldyckSzn: Cats x AoT anime https://t.co/acfZ9KbPLG,284,None,468,662,0.0,0.0
2021-06-12 11:02:32,66,Twitter Web App,"RT @midnightsukki: ash teaching eiji how to hold and shoot a gun in anime and stage ğŸ˜­ğŸ’–

#BANANAFISH https://t.co/2uAlRU9oIh",176,BANANAFISH,164,310,0.0,0.0
2021-06-12 11:02:32,Nef2436,Twitter for Android,RT @NejireeKun: Anime: Black Clover https://t.co/VcOQpCGWvQ,1635,None,3,217,-0.16666666666666666,0.43333333333333335
2021-06-12 11:02:30,Summerâœ¦âœ§âœ©,Twitter for iPhone,"@ninanguyen97 Kdramas- use for my talents, start up, private lives, vagabond
Anime- demon slayer, the promised neverland, gurren Lagann!",0,None,115251,64472,0.0,0.375
2021-06-12 11:02:30,ğŸŒ™ğŸŒ¸hyaline |||ğŸ¯âœ¨,Twitter for iPhone,@tinuvhiel @rokurourangetsu ksjdksjsjjd that part got me too ğŸ˜­ğŸ˜­ i can excuse the habsburgs but i draw the line at fake anime people,0,None,583,330,-0.275,0.525
2021-06-12 11:02:29,Mrs Moriarty.,Twitter for Android,I absolutely hate romance anime buuttt I went down a tik tok rabbit hole of yaoi anime clips and I'm hooked,0,None,673,381,-0.4777777777777778,0.5944444444444444
2021-06-12 11:02:27,Axmorn,Twitter for Android,RT @lporiginalg: My son will never watch anime while living under my roof. https://t.co/PqYW8ovrRY,82,None,15,290,0.0,0.0
2021-06-12 11:02:26,ezahir,Twitter for iPhone,"RT @AnimeContexts: Watching anime         Watching anime
when I was 6               now https://t.co/1aZMWjlte9",6493,None,608,473,0.0,0.0
2021-06-12 11:02:26,á´®á´±Tabeaâ·,Twitter for iPhone,RT @animeroto: Anime fans felt this one https://t.co/BMnZzOTcJZ,514,None,376,410,0.0,0.0
2021-06-12 11:02:26,ä¹‡ åˆ€ ä¹™ ã® ğŸ¥¼,Twitter for Android,RT @VisualShonen: Anime : Demon Slayer https://t.co/FWZPPyM7tG,1820,None,76,118,0.0,0.0
2021-06-12 11:02:25,MontyTH,Twitter Web App,"#ãƒ†ã‚¤ãƒ«ã‚¹ #ã‚½ãƒ‹ãƒƒã‚¯ã‚¶ãƒ˜ãƒƒã‚¸ãƒ›ãƒƒã‚° #sonicthehedgehog #tails
Comission
I can't copy anime's backgrounds, but I made it as similar asâ€¦ https://t.co/A07rvFExGy",1,ãƒ†ã‚¤ãƒ«ã‚¹,537,694,0.0,0.4
2021-06-12 11:02:24,PaPii-.-Recoil ğŸºğŸŒ‘ğŸŒ”ğŸŒ•ğŸŒ–ğŸŒ‘ â™ ,Twitter Web App,RT @VisualShonen: Anime : Demon Slayer https://t.co/FWZPPyM7tG,1820,None,177,137,0.0,0.0
2021-06-12 11:02:24,epp|ğŸ§ˆ,Twitter for Android,hi i watch anime too,0,None,117,402,0.0,0.0
